,PC1,PC2,PC3,PC4,PC5,PC6,PC7,PC8,PC9,PC10,PC11,PC12,PC13,PC14,PC15,PC16,PC17,PC18,PC19,PC20,PC21,PC22,PC23,PC24,PC25,PC26,PC27,PC28,PC29,PC30
S001,-22.137122824255492,0.3211813717151308,0.744712018516661,0.9283666197626023,-0.025048605640762747,-0.02916917067969406,-0.09126529916829067,-0.10484916092361611,0.5363751189947233,-0.19451151635271155,-0.2762384313691247,-0.12584651829474033,0.011863293351820278,-0.04070326204540945,-0.2115147092251362,-0.43899802778072294,-0.24722823372250907,0.1487230282980825,0.14591382656166083,-0.013175876545219546,0.13222840263543545,0.13409481866538633,-0.06333409322315257,0.14893555560680172,-0.14989460389184103,0.05907902319514668,0.08959322856096709,-0.016762339689537206,-0.09844626719186242,-0.02554657281570053
S002,21.909941795763885,0.35265732412533923,0.4339164241538723,-0.6260830610538534,-0.47967012442087126,-0.2005162630038165,-0.36592078936928396,-0.28586844591981564,0.008026396120728953,-0.47473319105599465,-0.09955982095171104,0.3193400059736159,0.035447061771370546,-0.32325733645042215,0.3605678228284022,-0.29392788822958316,0.1885718275541581,0.1874176159570765,0.32589888682696566,0.3035824034570843,0.16994892619089078,-0.0007692058201397199,0.08728714359091905,-0.04650573099694041,-0.24434551349277353,0.029038962299904263,-0.05009297665467164,-0.18007864678181745,0.021314803087893172,0.17654777081002984
S003,-22.05380423299991,0.090612120235529,0.32103061493265805,0.3624239577226183,-0.1934874046477789,0.46347162092456484,-0.768187489113825,0.5094690855538099,0.4158028879011986,0.14631726992206234,-0.12498552810830625,0.07229506013225263,-0.12542620760272957,0.10602054204212655,0.1628714523430708,0.5406014516905853,0.08530017892521607,0.3405827299394559,-0.20401533960032747,-0.07178790649039732,-0.12523495786042768,0.02967232996031425,0.3617445233845507,0.20115924263965324,-0.06181923536842854,0.10729348751500872,-0.3972102650156467,-0.007070245026841935,0.10454399866161536,0.08977196027255313
S004,21.720321789596017,0.4445802777389754,0.5047298256667664,-0.12786681332850997,0.5595658799841816,-0.46318044798448843,-0.7723280191169891,0.07756268330897687,0.05787493923240606,-0.32004142550011044,0.40128416427744373,-0.017738058371655877,-0.08855656515458488,-0.1239593151743577,-0.2346846853899006,0.03222953721677444,-0.10914844055953254,-0.2420147843765787,-0.024878583318771873,-0.004421844694304189,0.18900758785111768,0.04938853216434776,0.1123045662234299,-0.1502470567625183,0.060573753373038754,-0.22691793157906348,-0.005664679871268839,0.15702364837562,0.16665705978377182,-0.09003602153652741
S005,-22.12719970886144,0.28593542714285725,0.47952466820887507,0.7538936798661084,-0.0704131758294923,-0.0028074184629924923,-0.18399554330076962,-0.0017935301586024476,0.4813402123617392,-0.07679637344812776,-0.12549648673065675,-0.28380756594518797,0.06581201588871208,0.04191605381825693,0.07214835462665585,-0.2056693847806072,-0.24461293506436602,-0.03787999196398841,-0.0059540005083529406,-0.12527173864107782,-0.11874005546462581,0.06310899540329562,-0.15749513057342956,0.04815220802982688,-0.05713880836402172,0.13034911531943955,-0.03710952340978303,0.013749519157359528,0.07964348023331981,0.0032784433161844703
S006,21.987635824455488,0.06738140193221878,0.16115967886955915,0.019745309553035002,-0.05506320883272801,-0.06595273415776791,-0.3638913965093998,0.12193005741348499,0.16543926114356813,0.1829461896152708,0.311575345363521,-0.17576890313695476,-0.27893046896955126,0.15022366921167232,-0.4165562022807054,0.3104922303624964,0.07821736622804341,-0.1085190248589426,0.17798000122376778,-0.06947574150756607,-0.056987400106070944,0.05218680152440118,-0.012133647282358849,0.009112785033184733,0.24591806898563398,-0.0868080689704473,0.11731862470962148,-0.07744205127431214,-0.07955802890270834,-0.04711101892506691
S007,-22.084734512720292,0.06752463343981914,0.4315067503027723,0.41107909227440453,-0.028402364652031973,0.05306063712519495,-0.09330918577338158,-0.026121574328348857,0.150176900379693,0.025420141427580197,-0.12321206736587549,-0.015555077216340031,0.0382917919588548,0.05806270489999055,-0.11946816228314912,-0.18670452571366655,-0.01942926328100317,0.11573318845374098,0.11043226025657735,-0.009262324898343543,0.021941061375299276,0.0677255295337966,0.007740716281212673,0.005224128874097002,-0.03416697105386147,0.026848988931060348,0.08677844664502066,0.04771766702228763,-0.03877252841926447,-0.059017064791293664
S008,22.244365679581595,-0.507044440876405,-0.09155104982026442,-0.09268447573317015,-1.1051439169166037,-0.35964570101061194,-0.1519146296084744,0.1658598736837128,-0.11892841796004351,0.34950801899851025,-0.1332118472387687,-0.5778986655227463,0.316257561521473,0.32024648516762677,0.03469165592765649,-0.3528778541088932,0.2775072453908892,0.16386818308472784,-0.33992621708118986,0.014243722067716577,0.18699481586682123,-0.17212811334994074,0.14503731495834615,0.24440213210625814,0.16605017858732662,-0.1821360933228088,-0.0018819831094787456,-0.2368757657924385,-0.08512007008252723,-0.005069206693749912
S009,-22.077447747875368,0.19402422588478843,1.0100176686526683,0.565369039305572,-0.17818678270169402,-0.25667354594837205,0.6601501749445563,-0.2872265943390508,0.0653431536589637,0.02020566151124358,0.032623591738550735,0.07701107334922748,-0.1641624923269888,0.4210195696781027,-0.25932305704912867,-0.12226487483270675,-0.25370357269260363,0.5378346200754313,-0.055500780693345804,0.610121888580833,0.005310610140853718,-0.018697059374145123,0.22859718367645168,0.27519857552569205,-0.13640871071200916,-0.15293743944526958,-0.04992490432782473,0.2620402352946457,-0.04252372932670942,0.012319625700516493
S010,21.900659647639525,-0.1607217048093943,0.45727396577757,-0.19708819574303643,0.33622587358877826,-0.7442389522764036,-0.7341884462245771,0.11702349787480745,0.12412037940105085,0.09580033033437421,0.22669964525602315,-0.26656288340198736,0.03535658251843003,0.04225672950055617,-0.2252460508025653,0.08746252051084381,0.052599176766569215,-0.1242663468178164,-0.009616462287186631,0.1780869691991034,0.2167694674427603,0.02451960836192748,-0.04794841071448377,0.104092193008941,0.1006111022423688,-0.008062171190005005,0.005925883980684329,0.07205923999707362,0.05683012563354934,0.018958433430050187
S011,-21.84674152961892,0.4145778544794811,1.6589622748374724,0.9807828604424964,-0.5511950055212477,-1.0351623828438383,1.0776673685901328,0.3348140163620883,-0.6181379958284534,0.24291287694737998,0.6852833551018053,0.2627514740782295,0.4484084021725591,-0.08346083879238395,0.11156270094399179,0.3225396316542291,0.3604763225311364,-0.34540351271093567,0.19018248279800393,-0.18015619790497636,-0.07717211020810666,-0.09599578722099458,0.23667830687467672,-0.045537264247633887,-0.020060950152961107,0.05921403848477437,-0.05426175325967163,-0.018676506999994454,-0.10849808374578075,0.052804297373615666
S012,22.071779728729542,-0.27976054646314796,0.2790471010923148,-0.5083744533772031,-1.595095422253231,0.06553982352176477,-0.35745277740886844,-0.367263826555129,0.12458712141147524,-0.383908439884037,0.37226855190809355,0.2202099708152495,-0.2351404444652322,-0.0016984211017802512,-0.053251746870660234,-0.18949649977923513,0.11017471231668195,0.05532529538838427,0.0454061324956117,0.10056246276814594,-0.1192330161910034,0.2019541572393827,0.07724376826803181,-0.10113515814897797,-0.040022390698314064,0.22256000060191053,0.039260375865694155,-0.3278396060999379,0.05035989881035787,0.05145695354193709
S013,-22.06800584426083,0.0800226812482407,0.3169595131013555,0.49656023861956744,-0.055102099893742616,-0.026396677554913102,0.09045094047937194,-0.1462074954344847,0.3171101275379297,0.015581833935830845,-0.02937997683681942,-0.16016957015258448,-0.1422361627963618,-0.0038446607953233256,-0.05413131653557433,0.008225365506536738,-0.06739319106661296,0.103720009594878,0.058155913315571364,-0.02683709876385905,-0.048842871110598325,0.09788074395458321,0.078431126683466,-0.11636854589223357,0.06546648291141934,0.018842700995789347,0.008813004970420254,0.00898890764501094,0.03337556150115726,-0.07270985518437188
S014,22.11908267785772,0.21171558113487518,0.1906483174489928,-0.635630628786152,-1.3135679657313422,0.19869441282237071,-0.29346586547872916,-0.26073104074049364,0.2564964427958777,-0.15025957750742538,0.21701158978873228,0.004854087020720872,-0.044470657379866635,-0.04776458374080648,-0.02749869195815248,-0.12460805005761919,0.1931533890567669,-0.21922444905370234,0.27043635509309055,0.1418977813319806,-0.07853994476554248,0.14141978963946272,-0.18507810772110092,0.010480749892040911,-0.008489987926098428,-0.06666942336321019,-0.15673649149991575,0.20779583530781948,0.09385571367541715,0.015097530048262003
S015,-22.032018358420334,0.1182796363758908,0.6692021145114474,0.6018859157996164,-0.07466819378375726,-0.07110146087791251,0.4056158313376786,-0.5608138985857796,-0.13811304229690474,-0.2455369493928742,-0.08585144751625226,-0.018073593706838753,0.21034032312023238,0.11845835929548694,-0.21977178460733687,-0.08983676772416112,-0.25404879576862816,0.10221720036350464,0.06815658027280502,-0.1016869742346084,0.17908802768042584,0.2362804134407358,-0.019804522780140197,-0.12044053610882223,0.026098262342527694,-0.033387511078917805,-0.01936927277231629,-0.02489500474261941,-0.11513665495326009,-0.03226285251019755
S016,22.079688708890377,0.017033512957350467,0.19220199993696355,-0.2259943209398471,-0.34362137734894405,-0.05035427954812234,-0.04554362773325602,-0.10638711581026047,0.005471989059902785,-0.007452246451496806,0.03758396907918178,-0.03758399841534292,-0.029132983308058587,0.10117649929812726,0.00491976738972953,-0.1469825908393713,-0.012406543061479732,-0.08907934885743861,-0.12292510109549179,-0.026630540584809546,-0.05249894539102609,-0.028588418395654,0.008379010510376924,-0.04552508302335338,0.12159547245445224,-0.060026492426170294,0.02281379069544568,-0.0010415918410047627,-0.009959512520564812,0.11496689608499387
S017,-22.122603179988158,0.20354957577809937,0.9060113048527767,0.9040937279235349,-0.058044316836418225,0.060950354994024965,0.2543541062046204,-0.629188837689851,0.3166507282087824,0.04372838231540932,-0.11907594769216465,0.13062671652434385,-0.2903430149747696,0.06645122281038382,0.007089940528803858,0.16740395171978897,-0.1743562658050641,0.26374823539328746,-0.08143964520429864,0.2564949656946374,0.14374043156343502,-0.126325774204021,-0.18138071638368783,-0.26941543156676795,-0.05970895868041199,-0.2332826303295866,0.002399788157488044,-0.20120842148074994,-0.07572343168363035,0.03628498757020646
S018,22.203325269526882,-0.15462191405939152,-0.14076599075325963,-0.3175139584768982,-1.258649952061526,-0.540804285326508,-0.45462022270703945,-0.1874223646017912,-0.19080625608220728,0.3705562509317944,0.05993728776810987,-0.11532911824556383,-0.25578230636188864,0.04586078705128186,-0.03151610039528743,0.13198947527617533,-0.1535031221637321,0.0035623648490755696,-0.06400910513071965,0.018472645183554712,-0.018927054201063147,-0.038692105018928634,-0.03275653068228619,-0.018403231929671575,-0.22108861910427935,0.3627603002651569,0.03574642040380436,0.19514335545963535,-0.20939435039262533,0.03725890108795203
S019,-22.171286139538736,0.055255266599978106,0.5902727374205897,0.6642256036607265,0.047810498190939674,0.07909780727888749,-0.35864108475533996,0.024414425709015287,0.4191494132033914,0.2774299841126519,0.006560669767078263,0.18084588236744686,-0.08716737215459307,0.06841229863268132,0.18307900568918012,-0.007639088802928431,-0.17151646122893963,-0.0343427337537562,-0.03561518721804506,0.10027601293196928,-0.22102863598753636,-0.4541853133807439,-0.20909315958237493,-0.1365849297852416,-0.014230495390002672,-0.04393200250298364,-0.018146868209959945,-0.1381666564270717,-0.0038872269318139356,0.025151916110761778
S020,22.1271670852025,-0.09179371611662246,0.11059721089558675,-0.2049467198412784,-0.4606027746811522,-0.3694987509548792,-0.05373358817557772,-0.12721036215228507,-0.03069974413084575,-0.10810881609178949,-0.013558378171549097,0.02896913886703858,-0.412005108975953,0.2713933537244537,-0.12660589372002143,-0.35544905524612974,0.42803422847180655,-0.11147853063132793,0.13842571874885062,-0.15639335271777152,-0.07933974331950187,0.1651221930518458,-0.14147470275698154,0.04619144224355283,0.10445093488944074,-0.35439103810539174,-0.19380364101678868,0.03025341172942091,-0.06674717054220992,-0.07009585867722452
S021,-22.033400967273863,0.09711638613857695,0.5872601737329834,0.37512779609564667,-0.11800653822236203,-0.2617760137917699,0.29402851586461304,0.12952507072792413,-0.10884332614252973,0.23989244602995777,0.05923341220769126,-0.030641110805624896,-0.056412567302707606,-0.05164351113431183,-0.09928268163929635,-0.014332077429570336,0.15430133728682827,0.019462173343015757,0.16826713956468758,-0.09589648584006283,-0.01676117120695495,-0.2022453050549282,0.07455055881315795,-0.2044309331326899,0.0689007276840653,0.08473540242850021,-0.13922009827270962,-0.02409775663640587,-0.08206756285424562,-0.03612748760436162
S022,21.7161633571507,0.008771891791601857,0.7199659384584012,-0.2810862693907258,0.7436744433556948,-0.42923122925850105,-0.5599803330187815,-0.185700514162502,0.052039896333808844,-0.49442613132032737,0.21931052968797457,0.07097361567038174,-0.2621688508494568,-0.003362505561996295,0.09562496704240982,0.22915925576460472,-0.16724245861885623,-0.0043143636923313085,0.22216110931886765,-0.15615023701769914,0.31312510705250424,-0.11449709468708028,0.03557780825738376,0.04272073476337905,-0.11878511886630522,-0.047562606276521695,0.12108208018404472,0.16347833289274172,0.16931519918440732,0.20956527389391774
S023,-22.01189859655761,-0.020715519150030597,0.5401962590338899,0.17758932952453607,-0.04385412708304528,0.09428489101664625,0.19790377403822232,-0.09828089923665105,-0.08274807645976431,-0.014046340361772144,-0.3349289721865671,-0.2323187797502693,-0.21203642768322176,-0.0863091873106459,-0.2920132111415785,0.03527272942133249,0.05352268164560976,0.04172286569419256,0.0699608318595516,0.15011817441028902,-0.0798327052209477,-0.17307817685163077,0.1835356001970697,-0.058759586224084615,-0.00362701634556155,-0.00655465460336203,0.1277971084953474,0.013780732533728255,0.06531431109603796,0.0033448180715274856
S024,21.789803364453594,0.21423307849449236,0.36796527213298597,-0.3463222485952355,0.12972045220605932,-0.8948793943442662,-0.9011727124159543,-0.18095105878535248,-0.058184451142115935,-0.07287887169293329,0.06553783552081988,0.14444159587178745,-0.2787667774063253,-0.2772326360277172,-0.11471253546730364,0.35416253408433074,-0.45962569794232794,-0.03914044795153774,0.20374743250796962,-0.0210746935382815,-0.10217209320651469,-0.1825602617719642,-0.028637583609045007,0.006098310743112631,-0.014498827036717685,0.12647505855268054,-0.07693335648745202,0.21008714434538,-0.09897667299370913,-0.13665563213548668
S025,-22.06582560808314,-0.016561045428217548,0.227340180492198,0.23611944497663445,-0.1795337598748081,0.0355530270797147,-0.14310399925619463,-0.10654054623243213,0.08866778781717306,-0.13951673034479095,-0.15774246709112946,0.16168398539660656,0.2633543329423082,0.2532056467070268,-0.15781219442054137,0.10619687865840806,-0.02311901106944199,-0.03235881953672639,-0.007999843567016432,-0.062488174331954534,-0.0021950980246966197,0.11060306848254248,0.11341166842808849,0.10056681918136483,-0.0740213494362261,-0.10090147174972687,-0.014745692058496143,0.017501811806595748,0.05022682631247231,-0.05082762952381747
S026,21.902568124781766,0.47415185452176967,0.3838905777265562,-0.346525435994131,-0.30794884948966555,-0.6610076511387991,-0.6101071098287921,-0.21171407334006792,-0.006593434030583055,-0.3016960854935761,0.005591085787015771,0.044812364462608834,0.2527802002699487,-0.016961051538819733,0.07287770016737326,-0.25070096025691097,0.07849667088483794,0.12226612967645313,-0.1172724222398714,0.025404121483329007,-0.19222965887976814,0.16678854663403925,0.042170061013358226,-0.1263197670088218,0.3612817689529198,-0.02711442459404741,0.01098802106477529,-0.15108612695297094,0.20175103904608702,-0.11158301594380676
S027,-22.067371209835574,-0.028003526854311133,0.8816850732854539,0.5423195015039871,-0.03272234818137154,0.13474246565606188,-0.1217830254196195,-0.32878705942538655,-0.14548069684809894,-0.24134594092444736,-0.38273323394328845,-0.08063250401204695,0.28912791283340844,0.05237873960300449,-0.31004018369428904,-0.0180832521086759,0.05509342717038024,-0.20125989665334829,0.04190079878297619,-0.10160257894403721,-0.019234780037878083,-0.13799147230393694,0.05399796515202355,-0.019688333969777795,0.04954920915434413,0.062071383143579094,0.07079528904249933,0.016309049365483098,-0.07316204818001783,-0.004725169862473979
S028,21.85972737697405,0.5052627350755512,0.5964818770912562,-0.5251259676267006,-0.03155916606738622,-1.1791402840678302,-0.9890435301062399,-0.27851319096306265,-0.1338442160514124,0.04156321265330678,0.2527322730969402,-0.3008624605624907,-0.2622561645754972,0.21649533514414346,-0.10714969734456276,0.2672420116153464,-0.11770660292232209,0.12144494545604037,-0.02600021332294662,-0.20381021462143364,0.04262926387507106,-0.07887381180095199,-0.2150530702428016,-0.049837019629572786,-0.11407008302774645,0.02676448092189474,0.017141228300792715,0.04894260488927151,0.014226783038108915,-0.030652408128230467
S029,-22.115613619255686,0.09362500282124676,0.006906484200699555,0.4058297655686753,-0.13306973633307023,0.05172091825316281,-0.69728579092951,0.8345803157221231,0.2509932988161599,0.22564588756402984,0.09687535140777803,0.8726781656987994,0.49701441884587144,0.2892531173526971,-0.37590123254266566,-0.3271931630485833,0.08067833563011982,0.12991511244487758,0.15879987635465714,-0.34668108900248024,0.12680714415424885,-0.14579541272695726,-0.07879396048960025,-0.17055464071493984,-0.05763510396158115,0.04640746022548458,-0.1762611000999596,-0.0009176595528376797,0.031210927083985457,0.11049606971262808
S030,22.02908918770015,-0.06694857775765634,-0.10240249423148134,0.0794257651622178,-0.5557548296115774,0.16785929357543064,-0.3005444691334993,-0.026849426060862703,0.021615187133022507,-0.057253213145008794,0.09440632476034162,-0.008120705515830544,0.11488141000499494,-0.20091327043568655,-0.08446017308055423,-0.0314539269875565,-0.10997873052250239,-0.026503003949850147,0.1782285377574901,0.1596971631087895,-0.013348872875097494,-0.09544351268413352,0.11807400995656972,-0.010311010444809888,0.17433695897825624,-0.18501745823767068,0.008095850701333038,0.01671184782509557,-0.09282469929400376,0.14093904957423162
S031,-21.977452551608824,-0.24465771427320032,-0.8762077864443125,-0.2982410163927195,0.23068505088169827,0.2255834783945575,-0.27723089685085306,-0.4525854432155208,0.25238773120891506,0.16259984357363266,-0.11825942168076684,-0.01729333821367772,-0.03939017191621144,-0.1196214298688931,-0.0985338080041449,0.10513809581884001,0.09146639712089318,0.03267702320999561,-0.08986258964307228,-0.029600070776154352,0.06850166283286686,-0.032642464440565046,0.08035453934568722,-0.10094634770755644,0.06642013588776542,0.083091139531588,0.0024374801640727746,0.05119242794618191,-0.038003758711189196,0.0693082288816336
S032,22.05312379137818,-1.2471124986110798,-0.5234195494879194,0.6205514016983393,-0.86648765138919,0.463856877130331,-0.029372544741705003,0.01785358631405199,-0.12727771651685493,-0.2987822787870311,0.15270268678193963,0.40896564444541034,-0.1463715666112344,-0.35531713593592745,-0.030405626605143742,0.1459486033497619,-0.2776450807811857,-0.02215824024213814,-0.0835978284173702,-0.1693364628763994,0.10056479483616611,-0.04590661562115577,0.18594792212546032,0.023023850760145365,0.08151413266539648,0.0314488620763775,0.32918869992026484,-0.13640415202921735,0.24213663624155565,-0.13331884734371857
S033,-22.035916278783457,-0.0774245694048313,-0.45659269478828013,-0.11588166584199108,0.04414909468682229,-0.2466833608815293,0.0600479193345611,-0.21308515451245796,0.28413259511057426,0.06655638993729426,0.21339797221990725,0.2041005335665224,-0.008697233524397354,0.06586322426680996,0.10387314391713474,0.023867099851914743,0.09586501421648777,-0.0076492355080285054,0.039213606727227165,0.06707745864066644,-0.04780175054014237,-0.057645701428395056,0.07834119291636571,0.024287184367581358,0.06508855141041532,-0.12342554165640483,0.04309632769553493,-0.015096993059002663,-0.04211415416442954,-0.07246191508471328
S034,22.185462629315943,-0.5586074602345821,-0.5935734130006143,0.41236379357370934,-0.2964796492377352,-0.08778782628106979,0.4610913888568241,-0.10371935538385377,-0.2568753272587251,-0.011339936593206602,-0.4859003632862205,0.20507432286867186,0.005931363518011962,-0.2867018324811411,-0.04714959484718349,0.05178834082080226,0.03874424542456728,0.37272295318774135,0.020977538078592046,-0.3132674596085546,-0.3069502197827255,0.07954971054657173,-0.3165784720693149,0.14069814839984002,-0.04468794327021184,-0.247399693119174,-0.16061966955348195,0.19844046134802734,0.01243618260536985,0.038423481531722925
S035,-21.998286772873175,-0.30817998500144955,-0.1704581378900287,0.11201298096439474,0.16480371724776385,0.18844714412689564,-0.038112658740310563,-0.5962279748224117,0.09069855892551815,0.2536121677371705,0.12137438974061401,-0.1596073920050422,-0.14488643452322353,-0.0633697735220263,0.013784806319862291,0.039590491538053864,-0.06188625108595432,0.013353847873283801,0.01606097394786951,-0.11975790999528406,-0.16272646677308644,-0.008411433769129987,0.11150912686123327,-0.15064020816660922,-0.0158045454816391,-0.1394608924777413,-0.02779437106480342,-0.13916129332129806,0.12333043708257868,0.027410375528575552
S036,21.964136212549604,-0.7982009970590849,-0.511130268297783,0.9305675364721242,0.6280241413789193,0.0882380391115371,0.10974775289927266,0.2914193844983312,-0.31681190364486905,-0.30801276993543303,0.5810933857650191,-0.04170516235043118,-0.369389779729375,0.16511665615718835,-0.25685242807479125,-0.2210379944494746,0.213246956853629,-0.39958239871676243,-0.5832075036026964,0.01835861991499556,0.31253915580479624,0.12448382041290493,0.11313060236419448,-0.27567968942583837,-0.6032455147604662,-0.025791304828547176,-0.0025155788717280848,0.06982248822683321,0.16175020507267102,-0.05890852252981582
S037,-21.66050011041108,-0.7933438178439808,-1.472419702807575,-1.2476924267640503,0.4993649683111778,-0.08084286399033862,0.5406042598996842,-1.3768858396462098,-0.6230367455914183,0.11124397185876428,0.03700107196816522,-0.3172782872948138,-0.0036347368576869557,-0.14300648068941949,-0.3334663945176813,-0.09916647105180439,0.06984518093472651,-0.11824851096881084,0.20451560318938533,-0.034720448009072404,0.026613025857195886,-0.057817085785807666,0.2535649623696803,-0.1529044179778763,-0.06302096313823179,-0.06535340074655487,-0.11107974310615223,-0.05674568094489958,-0.1030101609857204,0.10042401272529773
S038,21.84220417545554,0.1064673267469742,-1.1832106731269416,1.2858670077244851,0.017354436956450007,0.7684714760998101,0.11364231648501599,-0.23059455050662633,-0.2600981304773632,-0.7011067895885116,0.4330650865837277,0.02836790731258463,-0.041423276652496364,0.24074392741456463,0.1735740578002198,-0.162115511117052,-0.24923117031327763,-0.1011598194998666,-0.01766458283178856,0.288575904426627,-0.14933631714897783,-0.10938618034600656,-0.034317540124097504,0.03935205251228647,-0.07380432957389274,0.4623403660369807,-0.3524845451383241,-0.005069225720630164,-0.039016842918802794,-0.05426926916538173
S039,-21.996242049068474,-0.2789083379040692,-1.2185589700501414,-0.5905264233346712,0.3405302924038305,-0.0993154863804156,-0.19412250695054803,-0.7096618290976812,0.2652530979033244,-0.020032252731028505,0.24786765782607026,0.1082199641761377,0.27052792192350483,0.19464486293503355,0.1842233319197076,-0.13184529553113924,-0.19965516387749807,-0.26129612825397724,-0.1416654814042114,0.1592118587251642,-0.14685423101825743,-0.06347314246354838,-0.25778752926336024,0.27078007605103194,-0.15398945861557692,-0.15292248612299428,0.24968104024202759,0.013067201445033256,-0.06085832230678661,-0.02196793462665765
S040,22.038561890800143,-0.28703456268748223,-0.3814573025903795,0.2635807311794001,0.0183267502789657,-0.16062308578397225,-0.1623918353521128,-0.05084513113692707,-0.16966312823608226,-0.06573462588807408,-0.07973021753026528,0.04036290384926167,-0.10397284796280754,0.06464790192232162,0.3189017645669583,0.024828872555698017,0.00425585465589134,-0.09307274337349673,0.24699771710889276,0.1297370006998328,0.16705336699616644,-0.1557077679961546,0.02757533027004596,0.07240025640889255,-0.1625685921153259,0.20775559386656572,0.03408939536843401,0.06633859637445745,0.0038439648367348317,-0.08659371246879242
S041,-21.96262872496422,-0.07406733580472077,-0.8209879204451301,-0.19317273282083783,0.16418851484959632,-0.12556046894987521,-0.17444120218799106,-0.2318835092104281,0.20577258360494166,0.01676266918296296,0.08951317594847263,-0.04082452780648242,0.27122977672047605,-0.04991791089156656,0.01971229593944432,-0.15590813991861918,-0.09087836033757707,-0.13908195215950409,0.03697505824324221,-0.2701481113340698,0.10412502419610432,0.23102669900987238,-0.04134932862688923,0.13798559464638693,-0.0019162134381162784,0.10939328708616577,-0.025366022239508162,-0.005831584654171048,0.004709198295552083,-0.013534664000461018
S042,22.038778839612302,-0.44279220412206055,-1.1059017780536051,1.1284339888930142,0.13365382045326743,0.07363534044462083,-0.07025276341050685,0.17568385422792332,-0.2530006762507416,0.109930223040066,-0.15251590106935276,0.031183205358018294,-0.3443708872587058,0.4908937078834564,0.06355286062151579,0.08722893521692449,0.006593326520388484,-0.4357417784017914,0.36399874904810453,0.1193040609811755,-0.18729707755921174,0.1765224625828679,-0.01317618858214206,-0.22276159714513435,0.27896528122354247,0.01966147756002516,-0.005784909644337864,0.16134978435729164,-0.04281549113277856,0.039845074399588926
S043,-22.000893260028757,-0.2499843564295031,-0.47257303135581125,0.331674017712527,0.04059483306583609,-0.21645723343279222,0.06669114694445724,-0.8444429636885951,0.8598658147032392,0.6265740138443059,0.023535339335923392,0.13002973310457008,-0.24305604711449283,-0.28032973746906936,0.16182284649869572,0.09999874597715769,0.7048973006876593,-0.10632081575451977,-0.09520754004695041,0.21878498748063643,0.016070281536633105,-0.16094847782681584,0.29477248633433834,-0.1318021974982829,0.04306332991214606,-0.050905786059232044,0.2541745857211571,0.1907641995305327,-0.08983986417756189,-0.07795999557328952
S044,22.031201711376884,-0.821487226545217,-0.12407650958795954,0.2878007029742477,0.29722531144404024,-0.06333980285558044,0.030502286847920224,0.08611062529128312,-0.00047180262607478816,-0.10606352624844859,0.18026254670939224,-0.13013300224840235,-0.03241653107007062,0.10549495087730429,-0.1265157828770599,0.052186762774055796,0.2630494220655441,0.05311591908399464,-0.06612776280941918,0.07308292994183296,-0.18723502588296922,-0.029837451862297887,0.03487394861839501,-0.09179733322209473,0.04972504192683429,0.08178248385669507,0.06422967329545062,-0.12127844402073912,-0.16661560620809904,-0.03884285027377031
S045,-21.97035541368926,-0.20341007567513333,-0.9080011055427708,-0.37084300724803576,0.2892842565177779,-0.09016431666645411,-0.12379681599414068,-0.37294520652607105,0.14334948943187842,0.21546336073775274,0.37107267251579085,0.09857686834806727,-0.037508656319791445,0.008068107398306788,0.3367648161106069,0.09565829629238598,-0.12494990683308443,-0.025754235633089335,-0.0780507372828692,-0.08592786885185728,0.035169184296249364,-0.013200479773360784,-0.19751576475488677,-0.0746339646668216,0.14522142551356504,-0.010322091432106835,-0.17154939616065173,-0.13063351008892157,0.00019127828181344752,-0.022565123522562174
S046,21.96359476604587,-0.40486809047847194,-0.7481085369592434,0.996327723243142,0.18121925162341362,-0.3484972685835696,-0.122208136016614,0.20994775436359636,-0.40718154890833563,-0.04686999843622227,-0.3557804285061404,0.12121604868472874,0.15787237371778656,-0.08064306350957645,0.12915528289186826,0.003771950498137193,-0.12569981851268672,0.037979388837606605,-0.1165705079754381,0.07536832653565048,-0.04900751305279111,0.13282782080672428,0.32034842999875895,-0.07407760849987742,0.2803476300272599,0.02299340977461132,0.199849210514479,-0.04332131506622879,0.039245277793625556,0.3003232464573815
S047,-22.069483051932597,-0.031773192244736646,-0.72832014841635,-0.00223589107603231,0.19774825416292857,0.42245052765539004,-0.7850894833105952,0.32918833384884766,0.5469223934803579,0.23375195029515425,-0.04373564414643265,0.4845645947612736,-0.05823769797521608,-0.06864091525333903,-0.0707086582296564,-0.08461670576381859,0.2189673640706369,0.33713465113932956,-0.19087158368290222,-0.07799320649898897,0.42897860777991803,0.17065469925038673,-0.13528626092851534,-0.07174936691706053,0.19058525477074292,0.13708410735523996,0.018009938113744222,0.17616250152804294,-0.14123946943307317,-0.07986987816055795
S048,21.99295031633785,0.16464968989454515,-0.4636141383578061,0.5554184010681829,-0.028730396175621033,-0.1589493215218825,-0.26354546207813584,0.057211088170460625,-0.09322772223042901,0.0876661176675599,-0.08961666955634515,0.093777924998943,0.08141739142480914,-0.23255759825108135,-0.1673519545831285,0.11471265778191206,0.01570042169268852,0.19129174510285993,0.23337423630944115,0.15178448251318924,0.026762230631339864,0.05693542502865637,-0.11482200882466294,0.25350806935665904,0.05092580291327838,0.0033592348025601295,-0.032481219304804104,-0.20050721478783465,0.10356257805640451,-0.14157540598990556
S049,-22.03548658594624,-0.07795668805408058,-0.6725032247333835,-0.2643113703880771,0.01084517015046966,0.02433363975162087,-0.00621163633544581,-0.14468842701662354,0.2523492295978288,-0.048360110607044496,0.22047394174036747,0.28982115434311734,-0.08062893797303476,0.2454581125365334,0.2110386867388649,0.0742469557128412,-0.11309962317131504,0.14152576510257497,-0.13972935049235474,0.14414422175210861,0.053982194766120775,0.19412957203922462,-0.14556572720731412,-0.15488888074742474,0.0858054863617672,-0.1990698326068342,-0.0028340194085735965,0.027099285280575498,0.047080281372343956,-0.051582753913970485
S050,21.954241736932893,-0.5522122541452733,-0.5511590456552465,0.7974371171868574,0.6206642962203798,-0.48331380772719224,-0.1538254107830728,0.027623896763088098,-0.2859824787699206,-0.23326359628233592,-0.060369407860103176,-0.11447766275851848,0.2729702577112306,-0.3418531295530444,-0.23005167318209943,0.0089109707243464,0.17973196942576097,0.28502345457171024,-0.04855091834359138,0.05868797155684329,-0.2699959221478384,0.03319764450963027,-0.2025928876495815,-0.059529063894737826,-0.04227203161809532,-0.29898818461375115,-0.1811248766482924,0.0752823383318272,-0.07864117767165978,0.07348613983468716
S051,-21.94473812195731,-0.08340515263382965,-0.5170847132574864,-0.3449093561322645,0.012852838418551768,-0.2298318220731224,0.3108425507844276,-0.47584122356383574,0.008768722100334258,-0.16366307251050397,-0.08738954372799503,-0.1362849443542528,0.0727750503221143,0.13422770419540986,-0.20009672595694292,0.02140701237009421,-0.07456350577352537,0.05459027358412967,0.10904417543905716,0.004421300684120599,0.04003329700527315,0.09944277342737058,0.12958001600012617,0.06930715722860754,0.03880047400020045,0.031238804072705018,-0.0640434453928127,0.021259101151581153,0.009897564128419582,-0.10023727921563469
S052,22.06779385327084,-1.2626208542292803,-0.5029922627657585,0.6822244948536083,0.2526560433570549,-0.1401919529906069,-0.041357250425352765,0.1323739322414658,-0.17611306690230577,-0.16094186002675856,0.005809914543839338,-0.36478700399119485,-0.02168242694243408,0.5268341356501856,0.21079252421197095,-0.04190511188718272,0.37028500870425873,0.1813343181174772,0.16273195690117256,-0.07024235100977232,0.1798778929770301,-0.08125045613541217,-0.06287646128957675,-0.0037735156867990598,-0.030365059470178257,-0.10950971221878042,0.05612810258155997,-0.20142110272192906,0.0547948435378567,-0.04785317537070467
S053,-22.028932996348132,-0.0015024963230103419,-0.5674860016329039,0.205339155101871,0.0011378959966397016,-0.23988492626136254,-0.04384093126862084,-0.36063845044759724,0.43842347456280817,0.10458291974836703,0.23431944233002552,0.09180931857350831,0.22286399822591152,0.09195097999966581,0.05688318710829509,0.12926550867258194,-0.03184255009910715,-0.050878164222808914,-0.06927496661890063,-0.2283191070047112,0.04158146596369517,0.17585684940423169,0.11013963496627005,0.05362940910291425,0.07204276180043974,0.02079492337622904,-0.19655827532450473,0.03823732584559798,0.017373783870306754,-0.009554709823009124
S054,22.07629438443312,-1.1554661222346174,-0.63156526385035,0.7616598564458794,0.020232481579740894,-0.00862468375683848,0.0832061043070084,0.11039178183900056,-0.2292171446892477,-0.07189653266557106,0.004954030856861913,0.01082798307527585,-0.2067128984706499,0.09792113974460875,0.09014311561831466,0.07306831852267824,-0.03263058193595876,-0.05880781717935454,-0.010001350624653302,-0.04580430115195337,0.04335337549220386,-0.14630198575217138,0.11960270871635194,0.06721261196026819,0.01911541139781737,0.2212033402887406,0.09381345881088196,0.03623245820331608,-0.08965857395375763,-0.06353832111092308
S055,-21.993964626856194,0.17138017390790453,0.02277662617140922,0.1580632924735897,-0.15108072404535713,-0.4752493450587758,0.337801554135138,0.04837570604823749,0.17632267245356317,0.14810359563565986,0.46708367050048694,0.34731687841127945,0.09175394848398255,0.024643636218944692,0.2661833673520083,0.11051092929227405,0.11140875338820996,0.003258230700521221,-0.12282069720677848,0.20980307974196602,0.11395216830864263,0.20089899070945705,0.04452984634332892,0.3921607063645214,-0.04298678979566665,-0.06752413253285261,0.1671957194969036,0.15318303328978464,0.023570197489711283,-0.07413745037431997
S056,22.08780670728367,-0.8318418386185739,-0.4996614501906938,0.5272882780065162,0.03753657151245194,0.29982729078454745,0.3644557845215662,0.045714217523647176,-0.1895179745193654,-0.22604215607436542,-0.027834654306171783,0.19487642290873752,-0.0642244487079433,-0.4144933269963116,-0.002916141201970508,0.06767927837595046,-0.046376770171404465,0.09974937271956581,0.02596622120574406,-0.1965816927998316,0.02629978446810581,-0.11024019139321037,-0.014624506203953539,-0.04603184399641426,-0.36457769761918246,-0.18686153220272053,-0.03421754309177796,0.1078321665855458,0.039174342564734455,-0.09137322322088282
S057,-21.985617622918603,-0.12010017718243059,-0.5504550132931603,-0.07405493352985582,0.20339700499323346,0.037890321134513794,-0.3141617133925526,0.42007107753065154,0.23655271211348797,0.6819770944004627,0.602753063823723,0.26540728805991265,-0.22214815458282075,-0.12489328785686331,0.25566612067740196,-0.06766380134251221,0.10058817401763027,0.2516006164475046,-0.04029375266386477,-0.11723784116208998,-0.027669125325822604,-0.03747070010803972,0.05546005969935981,-0.01714259013044086,0.06722804631615138,0.015350639868509949,-0.1691927786097153,-0.03124715827462284,0.1368670933504285,0.085588530739042
S058,22.003507657709175,-0.5076772083564048,-0.7029389679832455,0.844831198527952,0.24520337217284804,-0.2579388603794542,0.10529831436789855,-0.0035915113687011585,-0.28104057659615544,-0.1436194328990258,-0.28171367630306543,0.2566496353979584,-0.033061727186726626,-0.18061248846898076,-0.057985193247473456,0.04286837646304655,0.16652537190852942,0.0150215110963985,-0.11983202168515272,0.0709234922342166,-0.28901448344078073,0.007710473160942845,-0.08698396950348454,0.2526823592256296,0.2473771372009258,0.13142337130373738,0.0652138596089959,0.03192185321431823,0.011097647178844474,-0.02063913899247641
S059,-21.89356832632564,-0.4128175411565026,-0.7286608377923204,-0.07840657602185425,0.2788069727630751,-0.048313651226640386,-0.053753861206485176,-1.1338070638544149,0.10153356952514302,0.41995620102897147,0.1542776833121393,0.34667932396660284,0.39608222398061455,0.12639040785835004,-0.25766837266000675,-0.038840281801622585,-0.17996188141452418,0.12292312758700577,7.415823200198592e-05,-0.04318445287392713,0.17712323960914994,0.015096835015509196,0.006112576871427275,0.16381133178968527,-0.01349553294491272,0.182879110325807,-0.028526203744056504,-0.007187107980963224,0.16840270163285387,0.026314567224689916
S060,21.869331712716242,-0.3487839161712058,-0.3378462112396002,0.6200957550891698,0.5200917869084015,-0.23497459370875717,-0.014048330607313296,-0.14599790814408936,-0.2898685006177626,-0.5668338062910065,-0.33181140984831,0.3646586627900869,-0.13033597631513674,-0.036177653737610976,0.25674280401641286,-0.07984349251447587,-0.024094882134452995,0.15915087984696205,0.2339864198843917,-0.18797059124464285,-0.11053276575587984,-0.0027667394458580686,0.16080901231906342,-0.04673073570840241,0.18329697938806105,-0.13801654551987702,0.055623988389973233,0.09472815169449021,0.06199204270079891,0.1439617152775025
S061,-21.925999958378572,0.2892513256226368,-0.5524545413077905,-0.5310479381271833,0.01436076525234644,-0.10406292880229337,0.15233932185418897,0.665857435708708,0.035291029341197086,-0.07695095349508013,-0.06684063192584644,-0.13468560516979564,-0.19041808445657704,-0.21773031199594325,0.0017797761124992543,-0.08049848167581834,0.13253418119694219,0.027632917135811164,-0.04721393632091782,0.06822431138973116,0.04521060535779324,-0.016739004427687422,-0.010300604904684327,0.13988243803205974,-0.01903835820502001,0.1263110097874205,0.2017242581864142,0.002518005746156486,0.11622804536787212,0.03751943575796256
S062,21.942378359279925,2.0186342930463885,-0.6413864025599574,0.28479378068826217,-0.0663304347219911,0.4958562071470303,0.11786641139380245,0.12016189891748452,-0.12332805982212171,0.39749029915562617,-0.042461355114790204,-0.00972986642295911,0.09043017769343589,-0.2772683955183944,-0.19712070733634937,0.011377928331531197,0.04614798876672773,-0.12345111445934012,0.14657363709560436,0.2327677527359286,-0.03753182614474397,0.08789704577162434,-0.15808245265094703,-0.011109761434191456,-0.08569568592141392,-0.13367018041533363,-0.16861143541868034,-0.026770777823200104,-0.09047638719895115,-0.12524912955363005
S063,-22.001045356226676,0.2677410034298328,0.030399503448536255,-0.02445253201143266,-0.0016578264050834258,-0.3790412382704861,0.4598314433289027,0.2555953592508805,-0.012390373751841339,-0.09241911929031334,0.2611849353659608,-0.10428511681158655,-0.18154279362996695,-0.07323081110003563,0.17822836448695456,0.13676442392419821,-0.15407158989620717,0.06438749833874584,-0.025745722216966752,0.09326719679311897,-0.018049755376635213,-0.03824058882439222,0.08305952521164817,0.07222095233259443,0.11690500059026385,-0.04250185551473175,-0.09145487693698753,-0.019642049567775505,-0.09127353781975155,0.013872740801740162
S064,22.01197887030694,1.226548158585835,-0.04202548594998875,-0.15089449044868725,-0.0013531032642333486,-0.16845427786534026,0.21542049828030996,0.2389307970330544,-0.1316526696132634,0.7679585844967285,-0.42714967479221366,0.5420406763382256,-0.6350874793640979,0.10113480219539009,-0.2485938761058281,-0.052121835338771794,-0.22852824576788666,-0.3658563050789185,-0.07023476082526094,-0.11325657728506201,0.06367635535719267,0.26266159433552333,0.21213255993609786,0.04075974238112924,-0.16831996809502406,-0.070848002025815,0.028214180591855806,-0.45088404192725773,-0.022652342432185044,-0.36362254239401515
S065,-22.003976283366597,0.20887964723449984,-0.8187741598435362,-0.7399664517902408,-0.03519693834991716,-0.10170418874236707,0.08538096740337074,0.37862050397038105,0.12925018926197593,-0.24606716289775982,-0.1857601212213704,-0.14447752511615547,-0.2706954196598532,0.03479565300939658,0.013281681317270809,0.12038167770116201,-0.09022998976829814,-0.043017379318357855,0.006672718864001325,0.12581568002175145,-0.14496410651409697,-0.3435442395578175,-0.2118558083413794,-0.06516508050854393,-0.07290787606729772,-0.1365732384474336,0.035948779453036775,-0.19029433913890925,0.09566365527363223,-6.695054629772097e-05
S066,21.69626926451505,1.7161350621153937,0.9015433265927381,-0.9596373414013919,0.3058058919185475,0.5459762213046703,0.5382643781407286,-0.5494510761431939,0.21054520065860852,-0.620052561048163,0.09985657686570654,0.47241309011931903,-0.41323744560969927,-0.01251019717476918,0.10588429492791578,-0.03531463601692841,0.12003594347350752,0.2392871432350846,-0.09680600885319965,-0.44296760691895704,-0.39821133327451963,-0.24098857848880081,0.10535449658525813,0.15111403795532125,0.026815795987687917,0.26031660807183904,-0.016278532101569588,0.029090963407791333,-0.20103009480969233,-0.2779589839154197
S067,-22.04783743071226,0.29934815014877453,-0.19772312434099837,-0.12867440925806856,-0.10771093492898187,-0.05767839926428193,0.0559986187168336,0.3577444548050576,0.21716200761566448,-0.37258630676068133,0.053553808871898326,-0.23517989533863234,-0.15776037910908988,0.07740743857817496,0.3863901714490356,0.07379868720148189,-0.34340554951286717,-0.1002810195543214,-0.09656044511629486,0.036487074790726895,-0.22017935614176445,0.07794975504866393,-0.24954030444357814,-0.0023191515245599265,-0.04757476298583856,-0.12080908707102833,0.02831611836345593,-0.1535810493389239,0.12754337944130623,-0.015064177861943256
S068,21.862031797326054,2.457620974152325,-0.6480319641428121,0.3371409459717188,-0.5192599282383349,0.3727484415270257,-0.13403286725242614,-0.10568245574947409,-0.3844290121488495,0.4083856514368314,-0.2141263126781747,0.2629353127617851,0.09571264959878724,-0.693276969080885,-0.15606960815252466,0.10302479519227431,-0.3233154059882374,-0.1108222516031978,0.023186536010547393,0.16386678009378974,0.07600891530169948,-0.10935357127862345,0.0011089912938142385,0.10946418754848945,-0.11549325991498377,-0.20182036361114755,0.11074482613130524,0.040239952331229116,-0.01932871415437675,0.24850162859911348
S069,-21.990973683299366,0.589371740396512,-0.1804202668881034,0.290046257845326,-0.18506555354119425,-0.5017887937199905,0.3074436730184001,0.04576409748377783,0.24245313010686612,-0.2788752953174564,0.10536528421177206,-0.33670008744278873,0.2886430322420737,-0.08864742132436788,0.07120083613388324,0.1376121903087434,-0.019553811019493147,-0.23324587992864476,0.11584437082241134,-0.31858299087260283,-0.06535233821841878,0.14947901066202005,-0.1011632323523614,0.19283366390960024,-0.11947667351679109,0.07758842992027858,0.12550812471176198,-0.11759431033660125,0.08657979886427751,0.01037568812742691
S070,21.944811156098545,2.1127374866881685,-0.06776445879678991,-0.39603019974097736,-0.05982781890918413,-0.2702511697448408,0.021343335902937504,-0.12817848977979587,-0.22303737522215097,0.1929931662174383,-0.3836155427623745,0.043101770523155204,0.15979036039467212,0.15033411799467486,0.2705175939059367,-0.3244614576722017,0.1511480229481289,-0.13625737622421188,-0.1672077943874911,-0.008719345996576124,-0.1336655367009741,0.20626881572153832,0.050512195200797305,-0.2175686762291397,-0.057622707388006636,-0.15444594581354587,-0.09904611832272739,0.2477450298247272,0.023229638300392905,0.008271514868251497
S071,-21.780481199157716,0.12951221225523746,-1.0677311136500978,-1.2828406874990124,0.2747044145387212,-0.431018998308747,0.5699856361382346,1.2682985059885243,-0.5280901719795159,0.0752486371051866,0.6100800829457873,0.13256298354503265,-0.006730617354464351,0.17473821237218198,-0.36893364461463174,-0.5499973949593835,-0.12093187191566417,0.31495668284461675,0.38003059802651223,0.127719503704874,-0.2563578839462745,-0.1577972642846694,0.091857661955741,-0.08544429794934288,0.02529707265116264,0.039140184878883155,0.339643001276896,0.10454260768063384,-0.011016316493346338,-0.07271056425167685
S072,22.039052707656325,0.4281594109730059,0.18440808905285022,-0.19466227881267165,0.28601780910307756,0.13288843233888134,0.35479769926750754,0.046790963487524206,0.08305975701246232,0.1393861856779728,-0.19944460362906627,0.2186767146276841,0.035892133809710694,-0.25921360161811996,-0.010995381089436842,-0.10192492914273785,0.09281426570877299,-0.11140985447413121,-0.04517967171831638,0.17355348579673202,0.05635370246121299,0.10025468099031323,-0.042924092323150316,0.11053191273284012,-0.12923222358071604,0.035945562864172616,-0.02103477304995606,-0.03070452202016632,0.053189280626494334,0.17167888501585965
S073,-21.988465259907706,0.5618377091027709,-1.0917675049563522,-0.6372970205633111,-0.15793041763536322,-0.3464705657252138,-0.004537590956657098,0.4658569783701787,0.34392288665433013,-0.80666268695939,-0.23350669394745724,0.01714190582689605,0.25327065314765707,0.2091434193246589,-0.06571421405292795,0.4587223593378282,-0.12344347903565975,-0.17165935970830862,-0.02749082539675997,-0.010584106931973205,-0.08102496039184119,-0.11836264280367957,0.0990908675470362,0.06339402119752234,-0.20282438968696043,-0.08619596911662605,-0.10913535034376824,-0.18501164671213996,-0.2692775227873959,0.2033828510475157
S074,21.717371414512826,1.8476366325531606,0.27689778751296756,-0.13692451083995272,1.1016236406111846,0.5727798505554555,0.15701446107854472,0.11644294185560698,0.2510287555787175,0.045652640342160315,0.1926870364210771,-0.1582075843630211,0.553057726655717,-0.26300822409840463,-0.06963166185466307,0.4470308133327963,0.16258270236207478,0.21055909219733895,-0.007353916434388339,-0.03872414220175026,-0.21156149642523897,0.08450562909689394,0.04985292416619273,-0.2644821165592577,0.09271508959641807,0.06831616690617917,0.265125778434122,0.00973239921793611,0.15556429256805068,-0.1480875140094891
S075,-22.108777749216646,0.3062707215966173,-0.14739877368052057,0.48118608882798575,-0.10281990904266733,0.007792479181675521,-0.2799803656174996,0.6466753892965382,0.9142815026649297,0.05471543422029109,-0.20954928928882186,-0.43670131257920164,-0.24023168375723938,-0.12066257908346258,-0.0834656506402621,-0.4672182502393496,-0.05470389326655478,0.028450488060056477,0.08653988481105826,-0.10218045038554815,-0.23611524075917667,0.08722987803702775,0.07661317576242112,0.005620482040370605,-0.13802123756761417,0.09510546122116469,0.09708840570495246,0.1633157975008689,0.1868061288899472,0.02300971325626791
S076,22.195147982058046,0.4092906363451903,-0.3709190696885813,0.16668089260949473,-0.34488808772547164,0.4265767438875136,0.3681670321607044,0.07398625264457409,-0.03845044793238259,0.506506592756519,-0.25774811592386065,-0.021172574004143276,-0.033331053882947215,0.06490703943166164,0.06229982122815536,0.17668665491006702,0.025020320274100595,0.11916295663283666,0.23175413158011798,-0.15440102049329402,0.13580862395325102,-0.025767534213457947,-0.10782430942160015,0.17578294165243957,0.05625615823394598,-0.009188119303011768,0.17810789000034116,-0.07401099240867638,0.04087252121585317,-0.011712362701731182
S077,-21.99206077451807,0.33304753253076985,0.01491285264371007,-0.2484559959265698,-0.4371694287492154,-0.18900689990785288,0.4394082429589743,0.6637302514317058,-0.047131587259401794,-0.06564774799017561,-0.09379665326643288,0.056393811694208554,-0.1930626647108996,0.044039331890672107,0.2666892982522619,0.3048112775414105,0.14714380398735968,-0.10170455227338883,-0.32802612874171594,0.2272942375118619,-0.02356936920915653,-0.11049345660596771,-0.16746808646173558,-0.05646467115519833,0.08640432604800628,-0.004612036949061961,0.013889851998708728,0.15392546862365405,0.20540296850848982,-0.04479918965073232
S078,22.017621989877615,1.6502684052735657,-0.0330367191672383,-0.18992249664354255,-0.3309498893566284,1.092359432213097,0.28878801315548336,-0.16345204193204826,0.16829437731066513,0.18477970792378792,0.22312389594672338,-0.2262589273051401,-0.04799986887365187,0.35127136419951893,0.1358587519950963,0.2579607130619487,0.17179587572240027,0.24184742782301583,0.4840759408229665,-0.16888715436504123,0.20687115220849758,0.09543810987321473,-0.15718925057683225,-0.16276855878137622,-0.136217466288203,0.04564960499666638,0.21055623746990537,-0.049993805712688216,0.07260980399282821,0.250850240359522
S079,-22.02442535185128,0.3637096078085121,-0.7841931946313129,-0.08657648404227036,-0.2890600247464473,-0.46528608301843655,0.1491139768900637,0.29248780199739316,0.5288010313798831,-0.0906962607873374,0.03235358442697562,-0.13992598133723422,0.10825491249609889,-0.06358126140894549,0.1612277852890535,0.0888169898236635,0.2503032862445252,-0.28672847136593993,-0.051881739418815846,-0.2135526907994375,-0.19015911740939953,-0.09592834713708596,0.1365370247060333,0.0716068759579921,-0.1108217287216435,-0.060342085436851656,-0.10527465377828656,0.024561068437405097,0.07729419190374948,0.11134392320134218
S080,22.063481894489225,1.0668106654725713,0.006832397911709638,-0.25460175377594085,-0.02749883094753019,-0.045290740582532865,0.24821907220846753,-0.08993990071419376,-0.08219406018396606,0.19746602505940317,-0.2154036090023989,0.09059113492335318,0.013684221880268091,0.07887298974243034,0.1282785985935666,-0.2591520062401875,0.09559367998702763,-0.10225538365717247,-0.18263981026632428,0.043497449464183456,-0.04025602521315174,0.10150486552967612,-0.02006465303103924,-0.003429373668763126,-0.1342988743306525,0.11890774401964702,-0.09851005306503463,0.09509969636734956,0.027351225689112857,0.004621870581347442
S081,-22.032604024840925,0.47878868928503293,-0.018822283797426686,0.17402499122432258,-0.14439513797384979,-0.09261017741443059,0.15948230776715436,0.320004441436502,0.2688457553066018,-0.728241577619942,-0.4381951762974949,-0.2975038748704084,-0.04168934813508567,-0.29093374394154564,0.03842052492311667,-0.053790582530951966,0.011650928474806765,-0.2206705582356314,-0.07743664864137186,-0.17830425471962308,0.3081308844199047,0.2945301775202702,-0.14236864369160324,-0.13106841730848834,0.1538942840173773,0.09339019823500117,0.062006643785142056,0.018593532956801644,-0.25156844728997413,-0.06114037197373367
S082,22.002514185204266,0.6545349430401942,-0.022877149786294647,-0.0005879848091363259,0.5033803806899888,-0.5143612225877844,-0.009509693343157573,-0.012613246234891398,-0.1870405438205013,0.43871566932362155,-0.592382343216522,-0.09834562176776246,-0.23918447658036543,0.7339570435388283,0.4459284341192526,-0.03796265295898756,-0.1546753210435054,-0.07626803412228762,0.27534876019576376,-0.16059205004178878,0.23028704101618783,-0.10421181455348928,0.049910100091577175,0.18749562304956413,0.055931134939975216,0.0418925885773601,-0.012464465495739652,0.022814651077931767,0.04509945307264005,0.06664720729627743
S083,-22.033671933421992,0.19475794932812585,-0.18682251488939988,-0.16698253263497573,-0.08749763007680852,-0.10931649104039359,0.1537692300060259,0.19888595378223226,0.17052896516348354,-0.21048845365893204,-0.22121720766671024,-0.1833580136167255,-0.16501235238351777,-0.06413749487599651,-0.05146012143440837,0.05205298743485667,0.03902267610962228,-0.04679583084898479,-0.032423097065968416,0.09183776954764543,-0.05491088706272495,-0.12791315325199756,0.033032406341385594,0.016850746171547668,0.0317723965503677,0.001446699280369585,0.05510590994627301,0.010851462482369534,0.03132080308494735,-0.0019019651550928668
S084,21.913399234351818,1.3612766815268775,0.11322353058598014,-0.037416788303273045,0.4595263954752569,0.25777658571805145,0.22442676658849905,0.030786720671751033,-0.0478025727932452,0.25654529710902557,0.10468792806965571,-0.2875172159113197,-0.061173639293890816,0.4002104535981855,-0.16204614592762168,0.036232566253897085,0.0225159048650746,-0.01951972704895213,-0.3751436794493971,-0.021525271764107498,-0.07779004556906298,-0.04504312700061961,0.00881279046170134,-0.050741265356102176,0.06316971276817462,0.10659777784365664,0.027339168712694307,0.000836479746749366,-0.1865204976424354,0.25608969734330195
S085,-21.822614479701862,0.3829867249387514,-0.33435023436631867,-0.5485420538002298,-0.09929979871311079,-0.5874859182728556,1.06239787751904,0.348694188658983,-0.6084683353201732,-0.20687010494080127,0.13718324184337508,0.33122156048497375,-0.044486800895606436,-0.20111635053471535,-0.09258517978700095,0.02139109697886717,-0.14490062659789693,0.07265035770056234,-0.07276833436665343,0.05604117123597014,0.5227754834771442,-0.13472525888248663,-0.32253850874813333,-0.21233315919889043,0.28719525049470346,0.16050463474044246,-0.17840985607484774,-0.05551670658139791,0.0005945060518862138,0.054982807412965906
S086,21.577588374688926,2.4291419391493,-0.29046033669494653,0.5544487171289746,0.36534512885879106,0.9756732708663681,-0.28390835228007044,0.0009217701250399122,0.012467826715748063,-0.4792406904119009,0.6744559616397283,-0.5154689685726811,0.4835768846850058,0.026592611304110884,-0.05351659952491486,-0.11853659213728703,0.13513607184492718,0.04686168418173491,-0.03595983649010683,0.17690269290918725,0.284231233704488,-0.28689561105311207,0.09213605602142315,0.18229578868128488,0.18982535927419775,-0.1202016770919584,-0.1188493780417319,-0.0693152295841269,0.1071561755670397,-0.15091730113182647
S087,-21.89673508814195,0.3357783663158176,0.13739725859631602,0.14806626277335913,0.02716401693787922,-0.5300078951218019,0.8342340371107192,0.047439411742843454,-0.13687527251565157,-0.005338009622275746,0.26754189030790027,-0.641627346755033,-0.3023528075157686,-0.47780391329362615,0.07721143214694608,-0.3392838707300517,-0.18633221462650765,0.08653564463598708,0.18968237265308693,-0.08238779402639569,0.1018188516210158,0.23768890858105268,0.04526641034094107,0.20862463418043747,0.04065782478201505,0.1394541348636742,-0.06306041411745521,0.04807361794970677,0.06399410883558065,0.055130729977962985
S088,21.79280595685521,1.546325402310461,0.46393203896305735,-0.28620667855498544,0.531429056388164,-0.11764700294684916,0.12887299748489592,-0.20553886208434197,-0.15668456038714818,-0.17020249246569655,0.042579627611065596,0.0572325090821457,-0.10374605867652853,0.057528786314014174,-0.059519629269705006,-0.15174888400344996,-0.010045027931712342,0.16780804156013496,-0.5116877417677148,-0.23311741113403237,-0.028247294222898282,-0.08765768184513333,0.07529415815302867,0.08595378832968349,0.03241003010812289,0.06001019651959405,0.016131856759187966,0.061186998823068044,-0.07750616653861195,0.08985438536613762
S089,-22.035917977294307,0.3848389385486518,-0.3425826534333902,-0.1720000379691813,-0.4672275177437984,-0.13444963880329744,0.22441921463546735,-0.006518646256757576,0.5834100675672591,-0.5765564632267555,-0.9843163333326501,-0.0015228692500027562,-0.11283241121560651,0.18418064404286044,-0.40546254603500187,0.21885066678614895,0.2204892056121963,0.017083030750198475,-0.045897529828682206,0.22904059785563352,0.15133945012498978,-0.25601793438264214,0.05560509031954161,-0.2717245380691982,0.012005603215966682,0.0351764649472539,-0.04274684967306277,0.014596896385687416,0.07111634858446295,-0.057126242764697494
S090,22.052272231690306,1.1613600418784868,-0.391285172853131,0.26148213625841654,0.46369898116707176,-0.03904034771911254,0.28103405808929727,0.15703435710324384,-0.1868802432428261,0.6436269233185354,-0.16201106055087244,-0.2277884568241142,0.15748398455635348,0.14595438638078828,-0.06705137282873572,0.09471725014735784,-0.05437062574645887,0.11555656236141565,-0.19998527452461462,0.07021338621854546,0.0011157762674761035,0.08372543430149153,-0.14473732703644765,0.0044303918401304735,-0.10099988184217018,0.159326378512822,-0.04271070120840578,-0.18414020761266472,-0.11506163969304929,-0.06845294044138768
S091,-22.049848320136153,0.010407176732420576,0.8678937899473145,0.23508830684330326,-0.2648195628846667,-0.022268417814485127,-0.2039993033782091,-0.0284701394923337,-0.390904617488165,-0.09935697098458045,-0.018078622060779988,0.3762868970250069,0.4729018302076245,0.08082377245407094,0.26030047194283734,0.17604659190368388,0.3440984978304498,-0.42316860155915986,-0.0762764935142393,0.10030439546113451,0.005655301562249856,-0.051571832566093476,-0.25742726621653345,0.2011031341006836,-0.17515075580196796,-0.0592336532139387,0.327083083212464,0.06672791960459322,-0.16328425368830615,-0.048082849865485396
S092,21.972326763450262,-0.5297403827740722,0.17593976846436757,-0.05883526757318498,0.1573619245331955,0.05981058006347487,-0.15483278330671127,0.10733589572850044,0.15119899449862978,-0.03371051633443649,0.24742195976479875,-0.13218942940999734,0.0667184617878925,-0.04868674959150389,-0.05457366056959665,0.07349719907028578,-0.1653854098480546,-0.16718407520428824,-0.04575506881474927,0.17155172235245422,0.013897736364417893,-0.2010451412752977,0.1541378534714726,0.013787635071402602,0.10903577732077896,0.14781685811035875,-0.0009233625195133136,0.016224034573098192,-0.15204934612287627,-0.05345076159361722
S093,-22.037836933835845,-0.21545595746191226,0.32993088491632583,-0.016378697330080693,0.1126800607794715,0.36233648088126685,-0.2965729360659004,0.10696387798901726,-0.2870057053704911,0.07186975508059575,-0.09114681534429485,0.005970073857071358,-0.06557077153315652,-0.04474918862735397,-0.024606588354900538,0.02518448938520615,-0.07812102589285588,-0.08998551295342494,-0.061289356420069205,-0.06454681488010929,-0.07918401741850316,-0.1849866585644864,-0.043370309368022754,-0.0946835684090849,0.017933247285328673,-0.07888550541965672,-0.06544677802467883,-0.1383221617630623,0.04341354254993206,0.06013452923250737
S094,21.990087147819867,-0.6085049910872342,0.7548760778949817,-0.7490532487936415,0.7351986398404334,0.37435409821166743,0.6055116829228031,0.3537658970910561,0.523247689065684,0.22571408881382188,-0.40149159448177174,0.20190184768912517,0.2976647782973948,0.017376045088073177,0.2947187980749681,-0.21843050366142241,-0.4348119646653003,-0.5280810323428385,0.05085821548870867,0.14306749241844116,0.06973482201393366,0.08938497217837216,0.30896973733882316,-0.1564674826914235,0.027989660165612815,-0.09660599784339931,-0.18919962589605346,0.07825450205898273,0.12690443524019193,0.01192871709500823
S095,-21.965297436303008,-0.351352497449394,0.41808714389348817,-0.027573125327964736,0.18228576361357288,0.6453899740557355,-0.569749943776358,-0.09848432768133338,-0.3945444338323288,0.010522251351114861,-0.2717464662411755,-0.36549986225168546,-0.15750661848798553,-0.4314747302974093,0.2836101122241846,0.06191420062118728,0.1427421927676059,-0.27525803148713546,-0.1613742559295304,-0.1428068591558653,0.06256492198006375,0.08498009138192973,-0.0944773032441665,0.03492649808758889,0.09739938720125453,0.09917464170063604,-0.014257910092620136,-0.015272750325951373,-0.028737493557822305,0.02670493987395284
S096,22.179179523416394,-0.4039144223898405,0.08797800976096759,-0.4074075711255634,-0.4897221411771043,-0.07294150473680476,0.32295270330007086,-0.12430675684071817,-0.25939642870355095,0.036297323820529186,-0.36272413315009694,0.03916550858252886,0.2244965926243494,0.059562124273535196,0.5437314356984038,-0.24755255112230792,-0.25312465420584723,0.2708546624109631,-0.36131863662530606,-0.4181621503648905,0.11139344270483277,-0.26566769836221876,0.16792160218393726,-0.1645663241336227,-0.010448092128456495,-0.13064561243489142,0.19113524922459602,0.07943888904361035,0.026276164840930063,-0.10191830902466993
S097,-21.98142493783496,-0.35213293806436113,0.6100075573678443,0.07959422269867866,0.17545446863174902,0.34472646567523135,-0.07192762089054425,-0.3351445477238926,-0.5819100708209796,0.013158172609172627,0.3335466211965365,0.007941176343476604,0.1999735621553811,0.27458079578147687,0.18480929322815406,0.07544565955276027,-0.37760803947470684,-0.058422785978439626,-0.07192212551504451,0.10715766435849546,-0.31512656359881386,0.11294423681785158,-0.08505273472730814,-0.06250469023819748,0.005834760110754113,-0.060191309010768364,0.14234863204139306,0.013197926009080851,0.005908055251962988,0.020195511087168497
S098,22.320250869614757,-1.2908578720066672,-0.045916047607916254,-0.12782110704269273,-0.8928311205616111,0.6232240080154381,0.3928560394338952,0.23568560396535881,0.26797237759256837,0.6186155612151812,0.20434104219255725,-0.3000369274488947,-0.0029334706494932995,0.05807341514777163,-0.33905272557206423,0.40324821437592573,-0.3153991672144786,0.009960036502626876,-0.12148777015754986,-0.23191475356469513,0.06269396870385327,0.08383636890711343,-0.19886077216111267,-0.06196456587233239,0.013666603236934041,-0.02452197209321226,0.13273474141492264,0.2197225283536786,-0.11392480227974099,0.1724126258393349
S099,-21.976249378415265,-0.17929615681127428,0.20608284550214281,-0.026275162753126025,-0.0920979368764844,0.24573155944009437,0.03619344996596254,-0.16061290864697417,-0.39009810674963274,0.010486323270529889,-0.14177089803296972,-0.18243670746649374,0.1340550532786445,-5.1824963046374815e-05,-0.16689969990946577,-0.06897156811911923,0.061902849732303505,-0.07021962419925375,-0.010579533522200875,-0.20186248754774855,-0.03280979294921957,0.12066330491591745,-0.07739309813197318,-0.053741008998146704,0.1156812455883545,0.11702107749628905,0.0930415205365784,0.13334410484871873,0.16950271284192073,-0.16081554292866634
S100,22.159018799584416,-0.5668297966333001,0.07991524143891944,-0.31515136907003843,-0.4817067386853048,-0.21972659672821923,-0.061294010287216504,-0.054046751349023925,-0.028545039985791092,0.06531011566598001,0.07626561663635874,-0.3228694706216496,0.42134148913472086,0.045114542015347786,0.10042484894301429,-0.08477246720256403,-0.12148234964800808,0.19795780878387445,-0.34570378116485884,-0.007665672366503649,-0.1492804183765395,0.020811934023384267,-0.02600075443851012,-0.30137349761219207,-0.08696305721887614,0.01116385767825424,-0.050920928988424555,0.12758932665845726,-0.060838281017204905,0.07353654318667452
S101,-21.9250921483818,-0.5156095381082358,0.12836524909788566,-0.6241818009180925,0.22355551249848443,0.7991202057524364,-0.7854560677239658,0.33898866142628514,-0.701477325850447,-0.24277023832311612,0.0031470784117413816,0.026636128508890685,0.10831699906959945,0.22424739752929493,-0.005342890815627031,0.2007524027453257,-0.08622476703945048,0.15763980571691474,0.061367409277219745,-0.055484312491211205,-0.1058964960769668,0.3428230029299333,0.30317313673868224,0.1498953010368582,-0.06782924458342256,-0.17118851614250907,-0.0359152526866163,-0.03087001310944737,-0.18383237300488212,-0.05146249615878848
S102,22.065338976183202,-1.3301035600540059,0.48753592683990055,-0.38480897787428564,0.04658989772760004,0.4154583096713711,0.2575576220489371,0.317622492840092,0.4352097682365452,0.16029432645156566,0.10299392570991028,-0.1487455574578407,0.24272586496914664,-0.1991028451842749,-0.05085211689316625,0.17305357510927558,-0.40638797775057367,-0.05848940316968806,0.07943179782409604,-0.0501673214780151,0.14311334834943767,-0.11040171539638423,0.1792601785127461,-0.07306463355537253,-0.0778306858999813,-0.10565857986068268,-0.07688862764979619,-0.033065186673893375,-0.028736963330868236,-0.08281991170861139
S103,-21.927932167425467,-0.47769914905115807,0.8119795109708098,-0.11725489191199674,0.23042397645974635,0.509464393760212,-0.12971188480235152,-0.09085024695796269,-0.7267759262267843,0.4510918199849256,-0.003587451590418344,-0.2703937690210328,-0.4654920706382834,-0.3327739532924859,0.2701375531656787,-0.16312403730865346,0.06043544591660827,0.07540370150615724,-0.15300991616901966,0.19727027004507142,0.06573727422506861,-0.16508127898898828,-0.1575277930468905,0.0791457093500863,0.18719233896392887,0.12412987239659136,-0.17750233378307312,0.10541363215597374,0.11559664127286037,0.012203232006546664
S104,21.98709306468217,-0.5363870768404106,0.6235758587580973,-0.5024342246403215,0.20600863307117165,0.4027534410288028,0.211970843113351,0.09464311585040378,0.47784435383703555,-0.08701404105722874,0.2378344747558784,0.04976344322307938,-0.12910546607050963,-0.06092916834786052,-0.3073775352791546,-0.01319997680825541,0.058162641306755775,-0.3318402844858965,0.05001093044312896,0.006133840687830589,-0.048329125386617974,-0.06593885849705007,-0.11808414874962003,0.16868042144260367,0.21320142486004157,-0.23872480009053243,-0.13942587187649513,0.06777001457666967,-0.023137507679959313,-0.13555193437556778
S105,-22.095099638660287,-0.09251472481644478,0.5514072238888673,0.584564070444936,0.2938312331384522,-0.12429390980426612,-0.22946888156721912,0.1343277428893926,0.028277747518001436,0.2833090381760598,0.3678965481831906,0.07176262330036254,0.02386672732549698,-0.26187468598753805,0.12892749874152423,-0.49679130588544856,-0.05144855344722059,-0.16005843591774538,0.2656991460596964,-0.21871800532802,-0.04363260745237163,-0.18414161663611064,-0.07811668154908095,-0.17595766774097663,0.024428485734018988,-0.02515160861977802,-0.06822427902744989,-0.1598499180718677,-0.27702354835927945,0.11151068787323487
S106,22.036676768747608,-1.340192945932007,0.4674472742328198,-0.387167193196059,0.7692841705137411,-0.8127113946671264,0.07197761090582921,0.18525622663959582,0.2911406954952126,0.3383351890649433,-0.25241222805676305,0.08464528308521478,0.23111459932374437,-0.17086477991897378,-0.191202148419588,0.17710558538333873,0.10282262297113798,0.1243701262472732,-0.0903999524851672,0.3110359220128462,-0.3105025418012554,0.4327531662238707,-0.1890052425773001,-0.14593044866636537,-0.16632057657888177,0.3287686762801596,-0.04798843396931903,-0.18515262609446687,-0.014982489469235914,0.02084446138847492
S107,-21.93682049425827,0.06164584570699251,0.16868055971558418,-0.36565259883045487,-0.041107789836063086,0.26971221150598196,0.11600167491017734,0.422274875231263,-0.4633071733546756,-0.4292883671606256,-0.0003547737985764129,0.05539354208108079,-0.14498548777738593,0.08104006033552402,0.044466016322983054,0.31095561456446696,-0.09669914611478429,0.28418984902232164,-0.04288283155276525,0.14993770734968043,0.1682429236110768,0.42530166319189877,0.11670816462004806,-0.09456795376144317,0.1328829447483606,-0.07818251569085655,0.06360091534216236,0.05330770707265581,-0.1795132262134222,-0.061247152903891086
S108,22.002877699747607,-0.75723108819839,0.5766298100906498,-0.38556076492908536,0.16288833668874486,-0.3248316512114376,-0.11409406494851906,0.006805896289146891,0.159085946353194,-0.15905802816619785,0.09478891726338096,-0.0007059730261756918,0.18630911767815195,-0.22798521084414933,-0.005329419633088632,-0.09679851967903037,0.1967977834256104,0.15810445627130001,-0.13502573889730662,0.17337318840243748,0.13197028436310373,0.06878246909066592,0.014181656785422303,-0.0073769002931322715,-0.10272834720003111,0.08335138877272594,0.09262147485384711,-0.17844599670389424,0.07153430406185146,0.1503692092246993
S109,-21.9250856988405,-0.45323881826875284,0.39121545670280244,-0.271034643436107,0.09091790212090207,0.3259324131657875,-0.23976630417392109,-0.45463116831754846,-0.5311622260723491,-0.03098654191771789,-0.3225421665788857,0.0009358288537335781,0.05932477159575121,-0.05860991098647473,0.029159901239013145,0.030178813980879717,0.17963000970334114,-0.19266302145516667,0.051291585615131405,0.07285760894521429,0.0812990076736481,-0.026526082451973586,-0.10870387055312954,-0.04922253788656893,0.09147589664737334,0.1591622121413406,0.03700671151996764,-0.06043894534245548,0.02468109481540232,-0.0718329069701266
S110,22.27109269277625,-1.4639794058963707,-0.2895476790767765,-0.20678096134168267,-1.1145015277932215,0.5468560780893376,0.294031575849874,0.2494609350616319,0.24990444716947055,0.20956649154162338,-0.006383671194032633,-0.24136705135538983,0.43051245208364886,-0.13829173609124726,0.15512104822653047,-0.06450668821866222,-0.1403322178397343,-0.014561223571086601,0.020818406696138086,0.0773435072566579,0.03338507199315282,-0.10150530356661837,0.046219121376984695,-0.012630969288803962,0.007215198964341905,-0.04689383597916823,-0.17174632212955981,0.11263409467281713,-0.11578968986335895,-0.34459506018133945
S111,-21.972275844955472,-0.4050545974923454,-0.04050344828412321,-0.44327532248099843,0.407020022654007,0.6857798436151835,-0.79917045098841,0.44733645851177134,-0.21010790724983655,0.11072026234865429,-0.004820295235800233,-0.2062473072644286,-0.33060735707465966,-0.3647986208267273,0.2761556547399253,-0.15307105863365653,0.17098695888862214,0.05642733784295727,0.04474680558798971,0.018284202198682424,-0.019245967394638012,0.13777715406177682,0.24872839059985488,0.10794773355729599,-0.16731865606548388,-0.11541931828345635,0.04305024017896128,-0.06235959743903957,-0.4043944543342598,0.0991540673001228
S112,22.01674159589721,-0.8714260150561522,0.8017739836234279,-0.6659212130815356,0.46629670648201726,0.6170537408255847,0.5703602652610054,0.040673583029914404,0.6693997470267242,0.017356699976624524,-0.13957894370636445,0.20493634070148936,0.03433617625642973,0.22561979034264776,0.07291487441800192,-0.026601219572499283,0.023979016089426975,-0.2462074876897366,0.2711741377040407,0.20933694767661926,-0.04956261234677144,0.09542873807479647,-0.012775950283318025,0.18126062287131908,0.25085685099128285,0.14591136820860595,-0.03551577142258295,0.033837765161439756,0.03247189621533138,0.24764373630405712
S113,-22.012712822847266,-0.49596300726574294,0.32638077472002863,-0.523504816578796,0.21871623979321778,0.707631901063616,-0.8145641008912171,0.35232639651330666,-0.6347219908015922,-0.06996844082382267,-0.3744754697084312,0.28441594735676173,0.2780862457889776,0.19561003973758814,-0.22834265169629667,-0.31534291352801447,0.0052884901726307125,-0.16243498083892122,-0.07475448672991458,0.12128690065563444,0.026228416168144395,-0.20222292525210464,-0.236908233389061,0.06263631765447183,-0.009301990837104252,0.10405967259723922,0.10552981949915076,0.11254956722538119,-0.07558170037950389,-0.01516604069641986
S114,22.082136270746016,-0.9166383559009548,0.14296980119979888,-0.3394985411789684,0.5756893541130012,0.48677433732617525,0.5148769136840106,0.05601232733972253,0.28701241051296156,-0.15746610824079324,-0.012044120328793612,-0.1127548266296145,0.15094875872474564,0.10342329092545825,0.377181797834504,0.14283613088119496,0.38653859677177843,0.3113600906454887,0.49547782486475167,-0.02104006566538064,0.06808081637482799,-0.00971394308886498,-0.15936219928394096,-0.17050472079172868,-0.3090961475061294,0.08410557630006883,-0.019009607085678483,0.11322255884943035,-0.06091402232804053,-0.15979990186447368
S115,-21.976605770933627,-0.4338448963194856,0.4001077604090633,-0.12376654592860205,0.06212457571481021,0.461476740838941,-0.27725835369620555,-0.09811848683959556,-0.45263458562654574,0.3204799465729446,-0.17713085593755518,-0.21178169383672787,-0.0044579167256623125,0.10878047895686783,-0.3774947650905908,-0.1312983482420193,0.04096841888891545,-0.01379493113169158,0.10962470272116873,-0.03888726376206843,-0.29006822046692915,-0.18398990300755588,0.06674151530447325,0.02803215637083632,-0.1789726074191193,0.019492604436097405,0.07474215845318434,-0.019472127634200056,0.31266565156074333,0.011032921250426639
S116,22.073855078735967,-0.5751050526595567,0.3210474493419095,-0.3728841352649358,-0.06519053590263944,-0.15142628764927615,-0.05286993509479158,-0.007099781190293466,0.1834911805195294,0.08474794740133673,-0.09586360790681243,-0.042105041634427555,0.4336131622258577,-0.10951461100103409,0.1975194800328252,-0.03175580669184244,-0.1413195474498312,0.11323739083326216,-0.047145397053882286,0.13364693331531569,-0.06387332585154169,-0.005440133980965393,0.0700668401476373,-0.08934320568404291,0.08866260681756527,0.15945449272334852,0.06599588698953344,-0.11924941971591278,0.08102288149368943,-0.051170015374938725
S117,-21.831296235633076,-0.23919925310300566,0.14190366378390576,-0.7152411488332583,-0.3951087250537577,0.1491237772035186,0.10263866797798253,0.14466745300841358,-1.0039862329173688,0.013329933011943426,-0.2151661636264329,0.0007796011718504957,0.14503504623231508,0.07637398559111541,-0.22884578850891368,0.3771555669284174,0.28445896679617116,-0.03225111368355037,0.0454148349599274,-0.10403485055677737,0.06388485862623301,0.01584343702317747,0.10813756032273213,0.15100123319737196,-0.10351719976480889,0.08687584367555755,-0.3188599034011363,0.027686260300841505,0.3140080352194782,0.049090167026434414
S118,21.97040982119663,-1.3756806762943843,0.5171019996246833,-0.2166552481750934,1.146285084592914,-0.7005702465271889,0.18256637630853098,0.22425556789301812,0.1256151216511607,0.17530428220660238,-0.3616505006660278,-0.13004232542052704,0.09802847433702232,-0.13476871172323074,0.01451474041822924,0.06210244999048982,0.02374095665260664,0.1498400906868342,0.005376163847647812,-0.0830239794033563,0.17955947260826305,-0.20254674576079543,-0.14148058954751477,0.29974264742227547,-0.06098144303795072,-0.1586633291380831,-0.0766741044187229,-0.09952866113869993,-0.053112842709586196,-0.12377443331957046
S119,-21.98332845870119,-0.2808490666287398,0.9479129805263719,0.15293147911604554,-0.09668353815038361,0.32438100298083633,0.01188734621182934,-0.05322757035526898,-0.5781770699525269,0.11125485325953027,0.22096755274183658,0.009298543736701786,-0.2263782596076121,0.07758187413303527,0.34051178127933246,0.05652133893015768,-0.009430079609921694,0.0968485102074303,0.04358511623880188,0.1272934864641999,-0.04558678727617608,0.2772535892771305,-0.13725996898502718,-0.12491791921801083,-0.039776242586416474,-0.23286059142269844,0.0066866303021849175,-0.07867051335322865,0.10120321494885284,-0.07366827883789866
S120,22.065512915423845,-1.4834331967699335,0.703942455270058,-0.21306604037512306,0.1268560358862979,0.816595693947317,0.9384437514103272,-0.10402778619888609,0.39261737975611194,-0.3619344669211717,0.3221951388830285,0.2788099097105372,-0.3767686998332703,0.05783787210134375,-0.40292205737546355,-0.1284953563574913,0.15003145721048555,-0.05886943206360945,-0.3975060032826004,-0.235642535739836,-0.03345628031741463,0.022536007253674287,-0.18751144858143248,0.2383954595845473,0.0724602849251658,-0.06452028281363312,0.04531305717302057,-0.11492141962643823,0.031289181484437795,0.29114683034845207
