,z1,z2,z3,z4,z5,z6,z7,z8,z9,z10,z11,z12,z13,z14,z15,z16,z17,z18,z19,z20,z21,z22,z23,z24,z25,z26,z27,z28,z29,z30,z31,z32
S001,-1.8703454,2.993648,-0.96329117,-0.09452075,-0.6660039,-1.3137714,2.2026675,0.19681905,-1.4311981,-0.14460286,-0.71390337,-1.9605376,0.29581752,0.952971,2.9856977,-0.24450861,-0.02503283,2.451275,-0.19984832,-3.2837517,-0.74633706,-0.7692738,-1.245171,1.5860697,-1.3259505,3.1119337,2.610368,-1.3039501,0.27818912,0.48133978,0.87936336,2.2188852
S002,2.2048602,-3.4450674,1.5080636,-1.4191418,0.6173498,0.61953324,-0.54490024,0.17349555,1.7173349,-0.30316675,-1.1328114,2.123277,0.75213945,-1.274851,-2.6920972,-0.3138044,0.2653264,-2.772205,1.2307396,2.7708728,-0.69381535,0.25023773,1.3089354,-0.43706706,0.8143272,-2.7268488,-1.8572124,1.9949625,0.33985627,-1.1355317,0.4967003,-0.6762394
S003,-1.4607877,3.432009,-0.9210915,0.3177929,-0.47499233,-1.2576529,2.3585305,-0.3871088,-1.3660612,-0.49930117,-0.5182675,-1.6392347,0.07646862,1.014606,2.9940956,-0.43974492,0.57674444,2.9311998,-0.054735884,-3.526724,-0.8132293,-1.0252922,-1.2583308,1.6900176,-0.6110596,2.752128,2.3625379,-0.89423454,0.39695525,1.067559,0.88035834,1.8530705
S004,1.6500382,-3.3867393,1.0859628,-1.4797382,1.3254406,0.9011946,-0.45610276,0.68582547,1.1084566,-0.6788314,-0.20499437,1.8361449,0.79468024,-1.282571,-3.375495,-0.43084934,0.2547588,-2.6370387,0.6127406,2.625287,-0.72107697,0.24651842,1.9321432,-0.08914271,0.9712355,-2.7199466,-1.7315643,2.4447374,0.15864784,-1.5801568,0.496651,-1.3691405
S005,-1.6161405,3.2365773,-1.4208391,0.5903748,-0.88794434,-1.2391437,1.8682169,-0.36521196,-1.5152185,-0.5797939,-0.80314606,-1.9552003,0.020129327,0.83398783,3.2158833,-0.07523054,0.6178907,2.5289433,-0.58876634,-2.9131975,-0.6825531,-1.0458128,-1.1839612,0.9274336,-0.96401745,3.119476,2.4541202,-0.98042774,0.6329412,0.7119486,0.6705936,2.142964
S006,1.5053817,-3.1242878,1.1524906,-1.6037805,0.92588437,1.4491756,-0.111303926,0.3089283,1.2550145,-0.71890944,-0.2246911,2.245983,0.771619,-1.2732952,-3.5062172,-0.31367823,0.3444873,-2.887121,1.0685565,3.1905873,-0.56992006,1.0093634,2.0341687,-0.7543457,0.6563468,-2.9613628,-1.8889077,2.1400352,0.097650066,-0.98666126,0.42989528,-1.1505716
S007,-1.9634582,3.3649662,-1.0261661,0.46067452,-0.59585285,-1.3395487,1.9671465,-0.46905607,-1.5317881,-0.181584,-0.5836447,-1.8114926,-0.39727297,1.4475988,3.233599,-0.30383638,0.35523987,2.7623408,-0.22437629,-3.0528908,-0.64691246,-1.1168184,-1.3564953,1.4735619,-1.0304792,2.836478,2.8225527,-0.8202235,0.36927417,1.051071,0.34425062,2.0990021
S008,1.9109508,-3.7059453,1.095683,-1.45072,0.95107263,1.4049717,-0.56077445,0.46938956,1.2259202,-0.08549431,-0.53812164,1.9941899,0.41914368,-1.0264109,-3.309422,-0.11917956,0.17453693,-2.869684,1.0480547,2.586517,-0.69924104,0.47482347,2.2283392,-0.34505638,0.9779785,-2.5469942,-2.0365324,1.957866,0.15126646,-1.6279525,0.33668965,-0.9433217
S009,-1.1933149,3.0676835,-1.1054955,0.19529091,-0.36387017,-1.1778227,2.2312825,-0.9941374,-0.97498876,-0.18778996,-0.97397137,-1.4392534,-0.34114888,0.8979501,2.753182,-0.49038118,0.120276526,2.5035646,-0.38611144,-3.4305701,-0.67471784,-0.65025645,-1.205819,1.8591212,-1.5493478,2.830343,2.8179624,-1.0821733,-0.04052406,0.7547932,1.2264191,2.0346072
S010,1.7088078,-2.9058495,1.7145603,-1.4532287,1.0343324,0.97093964,-0.22343566,0.4446404,1.4120274,-0.5375616,-0.36080316,2.2424896,0.5941885,-1.2885294,-3.2629447,-0.2716633,0.35385513,-3.0440304,1.0545666,2.5420947,-0.4320202,0.3590657,1.5859957,-0.28240207,0.92584723,-2.7492175,-2.0632493,2.188654,0.1337522,-1.592483,0.20416626,-0.81769335
S011,-1.4317378,3.1170313,-1.1825516,0.020978708,-0.5655471,-1.0382731,1.7875977,-0.38895315,-1.1699355,-0.018367795,-0.6003676,-1.8319246,-0.07280955,1.0191463,2.7927213,-0.38413912,0.42454123,3.2160609,-0.24437277,-3.3312106,-1.0933584,-1.0951574,-0.9969189,1.5553228,-0.95084715,2.8060014,2.1428406,-0.7755122,0.54467064,1.2263117,0.7576655,1.7953533
S012,1.7394654,-3.6454937,1.450102,-1.6312702,1.3536291,0.9448908,-0.718857,0.0956658,1.5098876,-0.10462949,-0.68661785,2.436335,0.4086689,-1.3100959,-3.3128414,-0.61927086,0.23502137,-2.6122966,0.819996,2.8575873,-0.5185201,0.73499364,1.7234917,-0.6702044,0.70889723,-3.0598767,-2.0452201,1.5582836,-0.4009214,-1.2893944,0.053462602,-0.69627833
S013,-1.409906,3.4992745,-1.1245271,0.46484613,-0.37802258,-1.2389959,2.362652,-0.35983503,-1.3656335,-0.53264177,-0.53201574,-2.4102285,-0.07626185,1.1066668,2.8151178,-0.47876602,0.6088966,2.9941883,-0.60381395,-2.6335824,-0.8554822,-0.5694506,-1.2847053,1.722467,-1.1212838,2.5671127,2.7735324,-1.2340677,-0.060427617,1.1977751,1.0436374,1.7377815
S014,1.5428988,-3.3424807,1.1387268,-1.3557348,0.5590308,0.9747553,-0.27461857,0.29705393,1.308001,-0.3977105,-0.3352035,1.9714292,0.5441085,-1.1242961,-3.5599432,-0.16948378,0.7816574,-3.093414,0.9545799,2.603029,-0.5256393,0.8721171,2.3486598,-0.7593378,1.0977992,-2.3896508,-2.5438874,2.116772,-0.2797148,-1.2045698,0.42813993,-1.3110586
S015,-1.5453345,3.501837,-1.243294,0.38317704,-0.38594577,-1.2267928,2.5435967,-0.33299977,-1.2461934,-0.42048687,-0.9308969,-1.7927258,-0.13000643,0.84697497,3.1946483,-0.6704717,0.18457755,3.1339743,-0.1113736,-2.8768198,-1.2167863,-1.2269363,-1.0730224,1.7349522,-1.5289917,2.7756011,2.2938802,-1.1039293,0.6532268,1.2041577,0.6637307,1.9693995
S016,1.7623826,-3.1473663,1.3715199,-1.3022904,1.0555489,1.1065978,-0.44100386,0.3306316,1.1315392,-0.3346673,-0.50554127,2.3221314,0.7789491,-1.264232,-3.7938976,0.039349254,0.42260683,-2.9362657,0.69118714,2.2311099,-0.81662536,0.344172,2.0428686,-0.3921183,0.9419607,-2.9248574,-1.7730498,2.2933674,0.3355735,-1.6368849,0.2634979,-0.4226783
S017,-1.5046605,3.3765364,-1.0209867,0.24058701,-0.6263809,-1.1948289,2.6182244,-0.3884257,-1.2380142,-0.3700202,-0.6568449,-1.8832482,0.08470288,0.8600166,2.7240615,-0.60695785,0.5615879,3.0634418,-0.50007606,-3.1393468,-0.65087503,-1.0271373,-0.9142183,1.675146,-1.3245337,2.6560857,2.5049329,-1.3771071,0.57724625,0.69218975,0.7019324,1.7004721
S018,1.7985973,-3.2702787,1.1604897,-1.1553303,1.1986434,1.187401,-0.50558585,0.28130305,1.6886494,-0.085173324,-0.5488392,2.6557558,0.59598035,-1.5332433,-3.526795,-0.046310488,0.25008544,-2.6712067,0.90058726,2.660517,-0.52841157,0.25852013,1.7979077,-0.7025076,0.8670091,-2.5436895,-2.1820817,2.0069456,-0.18572134,-1.3087084,0.57950944,-0.77482855
S019,-1.653319,3.492364,-0.76699007,0.15558417,-0.47662175,-1.1268235,2.1386862,-0.16924708,-1.1923952,-0.2917313,-0.8924631,-1.9735652,0.1508846,0.8215429,2.8655252,-0.119998306,0.60343087,2.7138443,-0.39859262,-3.163482,-0.7984728,-0.7763845,-0.8252478,1.932572,-1.2816098,2.8277743,2.618806,-0.8322512,0.3887611,0.77274615,1.2699801,2.0956433
S020,1.3232825,-3.1503541,1.0214795,-1.3807086,1.2013248,0.7077831,-0.16252734,-0.18414782,1.2174394,-0.052561253,-0.8299447,2.7844799,1.4828398,-1.4646298,-3.2995183,-0.35115778,0.60048217,-2.4286616,0.6519129,2.5931647,-0.9489573,0.37127173,1.6672795,-0.7010907,0.67858267,-2.9232185,-2.6810029,1.7261295,-0.16646928,-0.8512591,0.5178479,-0.69027555
S021,-1.5255226,3.1316576,-1.2171198,0.52883154,-0.39144772,-1.5141221,2.42278,-0.6364432,-1.6100202,-0.32922387,-0.44216087,-1.7541481,0.13791376,1.0788908,2.7286818,-0.35565138,0.0431779,2.762871,-0.40093255,-3.3942506,-0.93457866,-1.360811,-1.9501386,1.7329694,-1.214475,2.4912574,2.606847,-1.6033269,0.070164815,0.7981449,0.62479657,2.010992
S022,1.839574,-2.9933898,1.408789,-1.9223541,1.7120808,0.9034715,-0.47406766,0.417242,1.357309,-0.5207084,-0.7671137,2.0072865,0.43904194,-1.2386633,-3.340596,-0.65536386,0.20901199,-2.2858868,0.57087135,2.7987053,-0.35485724,0.23141158,1.7464834,-0.47015214,0.93221,-3.1561515,-1.5498849,2.0110192,0.2546646,-1.3338876,0.13068943,-0.86051595
S023,-1.9590334,3.1171412,-1.0640427,0.60303473,-0.55428267,-1.7285846,2.7433524,-0.5679734,-1.2487618,-0.3515351,-1.1948212,-1.9344268,0.09750593,0.98328656,2.9564888,-0.4189433,0.6540214,3.1929586,-0.21939214,-3.2156827,-0.51978725,-1.1116505,-1.5428724,1.8132559,-1.0503844,2.6599047,2.6263459,-1.172576,0.31355667,0.7271186,0.5369257,1.9833697
S024,1.8902005,-3.3505647,1.4852618,-1.3473577,0.8597789,1.1669995,-0.31088933,0.57556486,1.0524659,-0.5137436,-0.10521946,2.2104833,0.08886412,-1.0080007,-3.4623625,-0.4783476,0.13437273,-2.6177416,1.1566806,2.71564,-0.35944727,0.60021096,2.060503,-0.19837494,0.84986633,-2.762462,-2.561025,2.158045,0.011196289,-1.4740849,0.4524752,-1.1482438
S025,-1.4545826,3.363235,-0.84275496,0.1735301,-0.59132814,-1.0528107,1.9347262,-0.32371765,-1.6157016,-0.31816193,-0.5068114,-1.6815869,0.05936161,0.9881888,2.7984128,-0.3271389,0.20092814,2.8846822,-0.059236642,-3.0674427,-1.1177369,-0.88376206,-1.2679033,1.8666617,-1.1609306,3.142499,2.6671617,-0.57815933,0.39433998,0.4240938,0.76221204,1.9786272
S026,1.649518,-3.470689,0.9445794,-1.7941949,1.3582236,1.323429,-0.52506024,0.4363553,1.7968493,-0.37360913,-0.7599819,2.050677,0.1575449,-1.3164611,-3.2793145,-0.13962841,0.14903624,-2.8168383,0.68288857,2.1681757,-0.8797895,0.68853045,1.7894106,-0.25852227,0.9467839,-3.040836,-1.6331794,1.8990251,-0.27978885,-1.4339819,0.23651348,-1.1266494
S027,-1.6733718,3.4258177,-1.0920923,0.053718414,-0.685882,-1.2326319,2.6084774,0.14416574,-1.4838083,-0.5248696,-0.87753606,-1.4733578,-0.053100403,0.55757666,2.7554073,-0.6276653,0.46714637,3.3503516,-0.26809502,-3.0876973,-1.1718355,-1.1708469,-1.5880446,1.6823823,-1.2247972,3.0093708,1.9356905,-1.1118032,0.21404359,1.0625923,0.8882723,1.985514
S028,1.9325428,-3.4288728,1.6453921,-1.5683666,0.9779041,1.5257165,-0.49290696,0.8074438,1.1105207,-0.5474802,-0.19861081,2.0409603,0.44558844,-0.8448145,-3.733071,-0.1708266,0.25090852,-2.7433355,0.93176717,2.6580932,-0.52307785,0.48555085,1.9954572,-0.31229877,1.2120967,-2.7894535,-2.1856835,2.44074,0.27491266,-1.2759501,0.2957523,-0.3565932
S029,-1.9544889,3.6195686,-1.2503392,0.12517348,-0.6201438,-1.1003401,2.420123,-0.07543139,-1.306256,-0.15777996,-0.9241256,-2.2624414,0.61366594,0.98012584,3.0297403,-0.59344447,0.3591311,2.6643937,0.145527,-3.0248835,-0.7349615,-1.316644,-0.8287357,1.4041942,-0.96690243,3.0753136,2.2547755,-0.97599506,0.6752304,0.7602825,0.96711826,2.342152
S030,1.8946828,-3.3536363,1.1286758,-1.5537436,1.1622217,0.8069887,-0.40105328,0.6047641,1.2630103,-0.5564702,-0.7313686,2.4355884,0.83123577,-1.3809322,-3.6067119,-0.26241857,-0.012414578,-2.9695818,0.7445829,2.4057512,-0.49376795,0.2602498,2.096002,-0.45360392,0.87770027,-2.7342546,-1.7458451,2.1249294,-0.059677076,-1.2116225,0.5366522,-0.789713
S031,-1.6573597,3.62727,-0.8120713,0.3820098,-0.8392729,-1.0578551,1.9442322,-0.7988007,-1.2212363,-0.39773172,-0.61958826,-1.8871449,-0.4802291,1.2113614,3.0597527,-0.31011993,1.0301307,2.5714178,-0.23991679,-3.2942288,-0.24860325,-1.5720494,-0.83652574,1.4439682,-0.84900695,2.8226266,2.8460531,-1.0741024,0.11828689,0.9417023,0.98241067,1.8255129
S032,1.9691159,-3.2156818,1.5559608,-1.364404,1.6076505,1.147916,0.08050902,0.42795026,1.5783983,-0.42070013,-0.7211217,2.5540845,0.28120014,-1.2611066,-3.1916637,-0.6351783,0.30271062,-2.729575,1.3169827,2.9746559,-0.18805707,0.24266677,1.8583403,-0.3656427,0.48728713,-2.4207647,-1.9300195,1.9997375,-0.42486593,-1.5836635,0.23577897,-0.4066364
S033,-1.5069561,3.7216158,-1.0793322,0.45808914,-0.6543919,-1.0586047,2.3167787,-0.4989838,-1.2427824,-0.7022725,-0.65018976,-1.852546,-0.27344787,1.2626033,3.0256677,-0.3553886,0.62741524,3.1627693,-0.3788958,-3.3254998,-0.41864708,-0.8782124,-1.138519,1.8323137,-1.2013274,2.9599645,2.505299,-1.2152379,-0.034171674,1.0423825,0.83865225,1.692279
S034,1.3855457,-3.4046147,1.4861846,-1.2969594,1.1084445,0.9800925,-0.5759597,0.7087927,1.649377,-0.34919187,-0.5986354,2.047306,0.9195875,-0.9010055,-3.4843855,-0.6690542,0.44615197,-2.9669716,1.2080175,2.7675462,-0.37917936,0.4636994,1.639687,-0.32425487,1.339981,-2.579059,-2.040701,1.8907421,-0.045356598,-1.3428899,0.36018902,-1.080005
S035,-1.8940836,3.702246,-0.85790783,0.2896244,-0.3607229,-1.004187,2.0868902,0.07584633,-1.2007306,0.029663587,-0.57971793,-1.888709,0.05857453,1.4583567,2.928979,-0.62664205,0.56710786,2.8901656,-0.11721143,-3.088812,-1.0276184,-0.9295692,-0.9987903,1.6774236,-0.7019603,3.1876302,2.2119892,-0.99127793,0.1993126,0.737735,0.6543302,1.4423263
S036,1.7987698,-3.0080192,1.1861056,-1.4759175,1.5502274,1.1980456,-0.4374821,0.3156076,1.5167139,-0.8204089,-0.83749545,2.335986,0.8054866,-1.5225352,-3.562712,-0.4248735,0.09713574,-2.4903455,0.9445601,2.3694384,-0.41197798,0.46912122,1.8803029,-0.561787,0.5201118,-3.1148443,-2.0171103,1.9721229,0.38428012,-1.7849078,0.57728875,-0.83477575
S037,-1.4526609,3.326915,-1.3048462,0.40233254,-0.4839099,-0.9327072,2.3385425,-1.1155615,-1.1150208,-0.74329126,-0.68257457,-1.6981951,-0.25018775,1.6537018,3.1258886,-0.25082937,0.03416144,2.9721808,-0.035983603,-3.3691046,-0.8728087,-0.94063467,-1.3492622,1.2565217,-1.1941746,2.6433458,2.362036,-1.2192112,-0.117322415,0.86959666,0.73532176,1.9303674
S038,1.6574916,-3.1643364,1.5216436,-1.4669855,1.6272161,0.9707481,0.054105658,0.35031736,1.4012537,-0.19148636,-0.8633452,2.0698526,0.3067435,-1.2081934,-3.5693347,-0.5017681,0.38177565,-2.3309968,1.0943854,2.7876186,-0.41054097,0.09267065,1.9299164,-0.58008355,0.70656633,-2.9213064,-1.5869281,2.02534,0.33567256,-1.1870021,0.6123522,-1.01152
S039,-1.7181356,3.501279,-1.2821563,0.13340354,-0.40956643,-0.9621427,2.252524,-0.38618654,-1.2392585,-0.17097178,-0.6656988,-1.6806142,-0.023532715,1.1562228,3.108378,-0.8055422,0.3423003,3.3234346,0.038813893,-3.030326,-0.96015215,-0.9595961,-1.2262484,1.5909215,-1.2981145,3.01914,2.3492422,-0.8506174,0.22395949,1.0235147,0.65356565,1.6398491
S040,1.8717216,-3.3685813,1.5282274,-1.4752344,1.0589583,1.2816947,-0.35936886,0.76910365,1.4228742,-0.25508144,-0.53666943,2.0166268,0.22998372,-1.0871207,-3.3895376,-0.18176973,0.0810681,-2.7419674,1.3971004,2.689244,-0.31201017,0.6817706,1.7932985,-0.30366263,1.0225577,-2.8926675,-1.9557383,2.0628893,-0.40596965,-1.3822141,0.3157606,-1.1120392
S041,-1.567152,3.5187564,-0.98854387,0.23965672,-0.69357395,-0.9991349,2.1450415,-0.48308194,-1.3378958,0.048126906,-0.53113306,-1.6556553,-0.22413859,1.1060954,2.9342995,-0.26402962,0.4206468,2.9569592,-0.18818669,-3.3736424,-0.5026748,-1.4386132,-1.4608257,1.9558684,-0.7127518,2.5923545,2.5473335,-1.069675,0.29483172,1.207466,0.5875077,1.5905224
S042,1.1800436,-3.2170074,1.0072364,-1.0979899,1.3206649,1.4989604,-0.14431556,1.2323035,1.1476581,-0.8940117,0.024818817,1.579542,0.65302634,-0.6582574,-4.084093,-0.33077568,0.07704444,-2.7896516,1.1539242,2.5325344,-0.076865405,1.1799395,2.0220678,-0.32638633,1.0696976,-2.754936,-1.6743019,2.0265718,0.054809738,-1.8239431,0.24670745,-0.8281797
S043,-1.7662452,3.6290545,-1.1336924,-0.06025997,-0.047771472,-1.0680043,2.0035,-0.139362,-1.3706414,-0.35230494,-0.4253688,-1.7247602,-0.26137426,1.4655963,3.0666857,-0.47792727,0.33486152,2.327181,-0.07579748,-3.128318,-0.8058829,-1.0294964,-1.4059067,1.5519445,-1.3567289,2.9747405,2.59827,-0.6790781,-0.16648383,0.878811,0.41399044,1.8802779
S044,1.5179425,-3.164895,1.2838145,-1.257217,1.5424993,1.115627,-0.45286027,0.415307,1.2656833,-0.3329808,-0.57168853,2.2406979,0.2919877,-1.3007926,-3.7427087,-0.69843227,0.10440652,-2.759394,0.6710554,2.8110898,-0.5752423,1.1538267,2.1103978,-0.36879978,0.7956582,-2.5228987,-1.6728024,1.8137655,0.13185646,-1.2574363,-0.07063022,-0.6349849
S045,-1.5296726,3.5788002,-0.4792264,0.51580137,-0.5721394,-0.61000556,2.157799,-0.6370975,-0.93836254,-0.45944953,-0.51764774,-2.0862737,-0.61947614,1.2030851,3.315494,-0.23672067,0.6973291,3.0601976,-0.30755407,-2.8214242,-0.1634364,-0.6998633,-0.6393618,1.8014212,-1.0588144,2.2823408,2.691089,-1.4063201,0.13270277,0.8981802,1.3184515,1.2202629
S046,1.7795326,-3.1013098,0.99556303,-1.354507,1.3249236,1.2978419,-0.6058245,0.6545267,1.2078956,-0.6176874,-0.85078377,2.0655694,0.18626332,-1.099742,-3.7994986,-0.5713716,-0.1758268,-2.60859,1.1884106,2.706662,-0.18836538,0.64480317,2.1364317,-0.28849846,0.6931327,-2.6759248,-2.1536138,2.1914475,0.076972604,-1.717903,0.34442478,-0.94468546
S047,-1.6591085,3.677758,-1.2920786,0.41346362,-0.48258042,-0.98006976,2.585845,-0.21574627,-1.0510454,-0.531936,-0.84389013,-1.6483545,0.26938373,1.524218,2.8272614,-0.5018164,0.19833653,3.2969866,0.18074775,-3.1365495,-0.658676,-1.014519,-0.9589677,1.6873704,-0.89722663,2.853831,2.3439567,-0.9997555,0.25474703,1.2805243,0.54243386,1.7310531
S048,1.8228189,-3.12227,1.7022316,-1.5423956,1.3283533,1.1195807,-0.13323347,0.28744358,1.319273,-0.86670303,-0.44884774,2.289163,0.25702396,-0.7996131,-3.602585,-0.68285847,0.17071515,-2.6495583,1.3496734,2.5194042,-0.38852414,0.60226613,1.7961507,-0.1684471,0.72861046,-3.110022,-2.0399668,1.7674642,-0.081439406,-1.4569439,0.60398525,-1.2095282
S049,-1.3788539,3.2210305,-0.8948138,0.07543512,-0.46611527,-1.1260749,2.2724025,-0.32243192,-1.2423282,-0.029839424,-0.856122,-1.9366022,0.19936126,1.4197398,2.8213491,-0.4793827,0.58282954,2.8840067,-0.5325266,-3.19122,-0.7593514,-0.9461177,-1.3765267,1.5206593,-1.081658,2.5233371,2.7810163,-0.7410594,0.54706,0.85789335,0.8021941,1.6263193
S050,1.7079744,-3.1233528,0.91595745,-1.6400253,1.7374687,1.3341393,0.004076305,0.83592033,1.2407811,-0.2632025,0.02696835,1.9521377,0.3585656,-0.83232856,-3.7807553,-0.18713303,0.41251922,-2.455063,1.125687,2.1906617,0.034890097,1.3417253,1.7666619,-0.33382165,0.81255794,-3.032852,-2.0646799,2.3711538,-0.027304862,-1.5091555,0.21247931,-1.1786693
S051,-1.4714473,3.54688,-1.8853246,0.4699402,-0.6036527,-1.2073004,2.0469468,-0.26731724,-1.1878783,-0.044918746,-0.74025494,-1.7217022,-0.13105002,0.85132474,3.1506648,-0.5308737,0.51148134,3.32304,-0.4478353,-3.2442496,-1.0535829,-1.2156596,-1.4181321,1.105479,-0.8715275,2.886782,2.102825,-0.6442447,0.8061267,0.40247312,0.6884543,1.4877489
S052,1.416927,-3.0068967,1.0398203,-1.0536318,1.507895,2.0100613,-0.44099632,0.6904405,1.1838241,-0.56756765,0.15720056,1.3649515,0.62026584,-0.9398487,-3.824655,-0.7084629,-0.12914713,-2.2536051,1.1629028,2.4146514,0.17008014,0.88067836,2.1003804,0.15658663,0.4803199,-2.2806756,-2.2426898,2.3149433,0.20030303,-1.9713902,0.38477302,-0.7815547
S053,-1.7238637,3.4727957,-1.1360466,0.1843306,-0.09707491,-0.91954166,2.5414696,-0.61009634,-1.0810049,-0.23687887,-0.56148475,-1.9436808,-0.49344155,1.0575329,2.903418,-0.6591547,0.4950074,3.165609,-0.30464458,-3.0074751,-0.43169624,-0.68631905,-1.1584079,2.0033195,-1.0532928,2.6605403,2.5681746,-1.3455873,0.024869192,0.81959194,0.7708929,2.0160582
S054,1.4956967,-3.065509,0.7432556,-1.4327395,1.7382197,1.4200348,-0.7654318,0.24023826,1.1581645,-0.40747052,-0.33968142,1.9388996,0.44993326,-1.3017315,-4.3171887,-0.54817593,0.25757498,-2.280819,0.64843,2.2946336,0.19177812,0.6182737,1.9959784,-0.6346937,0.92092407,-2.747041,-2.3705857,1.6326749,-0.35714042,-1.4754505,0.26877153,-0.99004066
S055,-1.1025878,3.4292965,-0.92003846,-0.28915286,-0.44149417,-1.2792513,2.0735655,-0.21613221,-0.75559604,-0.18186611,-0.770116,-2.364142,0.36770564,1.0459828,2.7580602,-0.30415845,0.74184823,3.0416358,-0.71632475,-3.0234282,-0.5915389,-0.5496536,-1.2920579,1.6663306,-0.9574051,2.9228404,2.4890466,-0.6391757,0.34844112,0.7535383,0.65111333,1.6294473
S056,1.7487868,-3.5846431,1.2028124,-1.507233,0.764687,0.69939613,-0.27785653,0.9113407,1.6706246,-0.05503419,-0.88190895,2.1511571,0.07744753,-1.439468,-3.2569752,-0.43914282,-0.15879281,-3.1477537,0.8975984,2.5122526,-0.7138078,0.39626995,1.7369018,-0.52976954,0.53207153,-2.3958213,-2.0584786,1.783961,-0.20756061,-1.976203,0.07150817,-0.8378899
S057,-1.8646688,3.790472,-0.9983867,-0.00043668173,-0.16038086,-1.0436532,2.1862957,0.089195624,-1.1699198,-0.48242974,-0.7748484,-1.7680634,-0.10349658,0.8260961,3.0617142,-0.68429863,0.38744867,3.1720889,0.060582493,-2.6215804,-0.6641123,-0.55531263,-0.7400186,1.7535706,-1.4028357,2.7808383,2.3332117,-0.68570065,0.18569958,1.0712833,0.32697648,1.9597417
S058,1.5498327,-3.5424802,1.2657771,-1.2966212,1.6619992,1.248941,-0.35947642,0.8278183,1.4864231,-0.77775997,-0.30771676,2.3094952,0.9269552,-1.2529488,-3.5279164,-0.24824296,0.3249029,-2.917755,1.0035707,2.440778,0.06477955,0.5978596,1.8005798,-0.35269052,0.899056,-2.4742138,-1.9522184,2.255069,0.22222243,-1.3772732,0.38468075,-0.79991996
S059,-1.5479577,3.2631137,-1.5753988,0.15153,-0.669364,-0.82211745,2.3021474,-0.45895284,-1.030614,0.07066293,-0.87512314,-1.973011,-0.43747672,1.5816033,3.0575047,-0.4081206,0.1471471,2.8810449,-0.28399596,-3.0386045,-0.9487299,-0.8551882,-1.081117,1.7803448,-0.7804827,3.0221035,1.8828075,-1.1890345,0.567546,1.095638,0.6732992,1.3570453
S060,2.1365132,-3.029373,1.3072861,-1.7041476,1.5119601,0.8173899,-0.03414042,0.24206178,1.2973945,-0.089829326,-0.6279293,2.1463587,0.122056514,-1.1189972,-3.6279123,-0.82435226,0.24002272,-2.8665125,1.0705839,2.9787405,-0.41727874,0.8972968,2.068583,-0.5749724,0.4445747,-2.9386375,-2.0610354,1.8082188,0.07631566,-1.4744496,0.1266731,-0.99354327
S061,-1.9041007,3.2861478,-1.1852822,0.54049855,-0.92553043,-0.8637806,1.9809701,-0.7710156,-1.2903227,-0.4143727,-0.66336286,-2.1422205,0.027743462,1.3598865,2.786603,-0.6389862,0.82067364,3.148618,-0.15055741,-3.3091793,-0.629077,-1.0572858,-0.91241765,1.0795237,-1.1721601,2.878125,2.7695372,-1.0213492,0.6274845,0.41971686,0.627674,1.8171322
S062,1.3895928,-3.2201629,1.1231521,-1.2272058,1.4201077,1.3233622,-0.2763968,0.9629272,1.9138968,-0.25103396,-0.69508773,2.0139306,0.6488856,-1.3037032,-3.3463116,-0.12698612,-0.010164294,-2.7595868,0.9757975,2.525162,-0.3682327,0.14592135,1.3393252,-0.32012212,0.76866305,-2.8316453,-1.4462185,1.9970322,0.094440356,-1.1704794,0.48006737,-1.367339
S063,-1.3917986,2.8636749,-0.7709231,-0.0030925306,-0.30012536,-0.9165644,2.1206515,-0.81262636,-0.5979608,0.117940724,-1.0715649,-1.7426319,0.2523592,1.0092437,2.6924639,0.24932937,0.7636826,3.3799028,-0.48681217,-2.84739,-0.95332015,-0.7423124,-1.1268874,1.5465757,-0.982946,2.515941,2.5783525,-1.2540624,0.64218795,0.8569477,0.9875324,1.4396652
S064,1.5525403,-3.372259,1.455631,-1.6101608,1.027745,0.9412813,-0.104067475,1.1169198,1.8238983,-0.75855714,-0.63779765,1.8909281,1.171949,-0.98452634,-3.0943162,-0.10270113,-0.24075414,-2.9171455,1.0638539,2.307356,-0.90115064,0.058392912,1.4428748,-0.17959197,1.3191975,-2.911584,-1.8760431,1.9079717,0.035628904,-1.4045951,0.823498,-1.0357696
S065,-1.498778,3.4654207,-1.4156553,0.5543888,-1.0378331,-1.3500974,2.5401912,-0.58393514,-0.71710736,-0.5599841,-0.5597443,-1.4021171,-0.51284844,0.95669484,2.6900504,-0.63394326,0.38009596,2.9807334,-0.25828686,-3.34631,-0.4374549,-0.6873421,-0.7464566,1.7380286,-0.9152381,2.4263356,2.7675192,-1.0608535,0.45713264,1.0448098,0.6460863,1.817234
S066,1.9232848,-3.2510664,1.444117,-1.6081728,1.2351983,0.8360393,-0.547285,0.9258183,1.3915427,-0.03239578,-0.78637654,1.895333,0.12377359,-1.1743,-3.249022,-0.38467726,-0.06412335,-2.8926272,1.0780222,2.559759,-0.49244288,0.7374993,1.650987,-0.15305589,0.8682361,-2.6562927,-1.8088163,1.7140701,-0.15336858,-1.19227,0.66949373,-1.1088268
S067,-1.1148038,3.3844693,-0.79444104,-0.0059118452,-0.5920805,-1.0131222,2.3189838,-0.20428939,-0.6371034,-0.2788407,-1.6001874,-1.7154953,0.063125014,0.9324375,2.7198722,-0.1973622,0.6768945,2.5795448,-0.085021734,-2.7501533,-1.0168146,-0.6516022,-1.0105987,1.5809171,-1.3954728,2.6325514,2.327013,-1.4875511,0.15207395,0.5647281,0.7067809,1.641621
S068,1.38095,-2.7377918,0.93654764,-0.94145393,1.5282475,1.377994,-0.0831465,0.49116635,0.99923533,-0.9277597,0.110978,2.1082141,0.62026286,-1.2188466,-4.2788467,-0.4402422,0.29344064,-2.5312686,0.66764194,2.0110526,0.011325311,1.2220383,2.096171,-0.7009115,1.3207761,-2.59819,-1.8651309,2.3766212,-0.3576241,-1.0915968,0.027753904,-0.9248587
S069,-2.0005841,2.7522695,-0.9555481,0.3507186,-0.6188524,-1.4537557,2.8069148,0.051352635,-1.3907439,0.46961015,-0.9174933,-1.8942289,0.46038336,0.76716834,2.4433284,-0.77769667,0.5193332,3.1561623,-0.15303832,-2.9117835,-0.85830224,-1.6389375,-1.24903,1.8902714,-0.7937141,2.768037,2.2352986,-1.1047618,0.48889458,0.8082295,0.25706047,1.857741
S070,1.8005791,-3.5827513,1.4343901,-1.0745511,1.1371874,0.9456482,-0.35042644,0.50352055,1.1421269,-0.5439545,-0.10623116,1.76634,0.47687772,-0.7152974,-3.5946276,-0.2536191,-0.15372689,-2.902475,1.0448182,2.0403426,-0.44872376,0.8013231,1.7354211,-0.09132208,0.98668677,-2.7516181,-1.9618375,2.2931302,-0.17827077,-1.5978434,0.008974388,-0.47550926
S071,-1.3401852,3.2450128,-1.5228709,0.28713882,-0.21463437,-0.94978476,2.4619637,-0.47728485,-1.0631988,-0.23819058,-0.9874865,-1.749233,0.054616693,1.4487246,2.6207786,-0.68022954,0.54103863,3.3696766,-0.1254056,-3.1215727,-1.4016575,-1.0104966,-1.1449932,1.3421772,-1.1258458,2.762378,2.2222629,-1.3689967,0.103560865,0.78570473,0.29333508,1.8142098
S072,1.5095699,-3.3299568,1.3694956,-1.2478057,1.3792777,1.1675087,-0.40373707,0.7761832,1.3526384,-0.36380202,-0.4940651,1.6749746,0.13797806,-1.2701961,-3.2098804,0.1018841,0.062062427,-2.968634,1.0429426,2.1453207,-0.43758732,0.34704795,2.0488815,-0.2183673,0.8686293,-3.0696673,-2.1826394,2.5827374,0.15858592,-1.4007717,0.52504474,-0.68397546
S073,-1.4882761,3.1173913,-0.8545151,0.31537014,-0.744351,-0.92671305,2.3185916,-0.19160418,-0.99885803,-0.30517876,-0.9165538,-1.9502845,-0.28804103,0.55179507,2.9078927,-0.31804967,0.66397417,3.1428566,-0.25756395,-3.2633007,-0.71566963,-1.0579183,-0.6379498,1.6542405,-0.8082059,2.974353,2.362522,-0.9646686,0.7245107,0.856876,0.62619793,1.8308185
S074,1.6140884,-3.327565,1.3108116,-1.2838002,1.2704878,1.0329854,-0.07163955,1.1610391,1.6538216,-0.20054811,-0.6495291,1.8306596,0.5575311,-0.88301516,-3.671609,-0.2618706,0.035001185,-2.8047218,1.3047583,2.0656621,-0.47713718,0.6453086,1.9196433,0.064729646,1.0956391,-2.5837572,-1.7453371,2.069603,0.322573,-1.8469672,0.3223592,-0.71240777
S075,-1.6655868,3.2164772,-1.1024812,0.21655819,-0.105715945,-1.219266,2.513963,-0.16135047,-1.131376,-0.28444964,-1.0179697,-2.0357897,0.32523575,1.1773716,2.858912,-0.85043484,0.45402184,2.9498832,-0.1418374,-3.1103508,-1.1468374,-1.3067787,-1.1792744,1.6472083,-0.9766678,2.8692355,2.2490783,-0.85489565,0.3369767,1.0559361,0.3380822,1.9280356
S076,1.6191946,-3.505583,1.093157,-1.3335192,1.7336483,1.4694573,-0.5702962,0.51662284,1.5197794,-0.24766871,-0.6443613,2.3884463,0.28481427,-1.4424616,-3.792145,-0.34025794,0.13062316,-2.8180878,0.8741079,2.2507985,-0.05358902,0.63549846,2.0130491,-0.66412187,0.73179275,-2.5496724,-1.8006243,1.8825526,0.15211344,-1.5590005,0.38425976,-0.7800334
S077,-1.8536935,2.8769486,-1.1606323,0.19146745,-0.65148354,-1.151886,2.9881911,-0.32947803,-1.4463849,-0.1936731,-0.9316248,-2.144722,0.2358095,0.82301253,2.6946456,-0.5058824,0.42269406,3.1807377,-0.26411733,-2.9445207,-1.3664918,-1.059089,-0.81059575,1.1757545,-1.171172,3.0220232,2.4132242,-1.6844823,-0.31421882,0.34676695,1.3448324,1.9519472
S078,1.741767,-3.0471485,1.6148155,-1.1287037,1.0677356,1.0736974,-0.70457965,0.97731173,1.4565253,-0.052315027,-0.29334912,1.752961,0.4606134,-0.8288001,-3.2573104,-0.20756744,-0.24899076,-3.0239017,1.457311,2.5058908,-0.47005495,0.4363094,1.6504649,-0.32033792,0.87649035,-2.8586125,-2.1533842,2.2958074,0.120715305,-1.7461331,0.73017013,-1.3285125
S079,-1.5838653,3.3737307,-0.79177487,0.5916584,-0.6060349,-0.9900857,2.5976567,-0.6194924,-1.1028538,-0.39356172,-0.97525316,-1.8943839,0.07586351,1.2801974,2.6331077,-0.53400654,0.36510465,3.167618,0.022908028,-3.231372,-1.1999303,-1.2621183,-0.9652008,1.7501482,-1.1523391,2.5194209,2.417155,-1.371418,-0.14754556,0.76190394,0.36961055,2.2302396
S080,1.7901261,-3.459344,1.0471351,-1.426869,1.3902848,1.087724,-0.23176923,0.516309,1.1762819,-0.50140065,-0.84648174,2.3323064,-0.023063418,-1.0228249,-3.5306845,-0.1221292,0.0056992583,-2.7813656,1.1658463,2.3317416,-0.45291075,0.3609262,1.9096601,-0.6894141,1.20546,-2.656446,-2.432667,1.865802,-0.2530247,-1.511733,0.4682852,-1.0986333
S081,-1.6372408,3.3496685,-0.8807095,0.17918257,-0.57775307,-1.1292595,2.4979534,-0.2514345,-1.1151308,-0.025141118,-0.85978734,-1.8762981,0.18848735,1.0025952,2.9999814,-0.4186415,0.46260127,3.0700772,-0.12744348,-3.2849638,-0.93862325,-1.1062782,-0.76979834,1.7964064,-1.1572639,2.8549626,2.2912934,-1.3035553,0.42167202,1.0557196,0.71693975,1.9435551
S082,1.0223976,-3.4528031,1.1033098,-1.0786262,1.1029172,1.4996989,-0.34175977,1.0789033,1.0153462,-0.81198645,0.35920584,1.7801912,0.8505012,-0.65331084,-3.81982,-0.37377602,0.24136414,-2.6960745,1.0466824,2.1211002,-0.3894553,1.1983662,1.8887534,0.08176316,1.0597835,-2.513847,-1.9869869,2.09898,-0.11898874,-1.6840653,0.38134915,-0.73072755
S083,-1.5549637,3.0595899,-0.9546229,0.6294283,-0.4233229,-1.2045342,2.301874,-0.080308154,-1.0953302,-0.32391626,-0.8621043,-2.1328385,0.30167672,1.0110075,2.8629577,-0.3474207,0.38288474,2.7577195,-0.39319554,-3.056585,-1.277401,-1.2914898,-1.413395,1.5446031,-1.2816516,2.86465,2.6725678,-1.24895,0.2587702,0.8136011,0.9648669,1.6938827
S084,1.6834942,-2.8409066,1.2786922,-1.2615026,1.3161403,0.9761546,-0.26469496,0.70197004,1.7844462,-0.5917261,-0.5624135,2.036904,0.2597463,-1.2517878,-3.6037488,-0.034312848,-0.21923323,-3.0161695,0.91220474,2.3316205,-0.6808778,0.44242287,1.419461,-0.39352456,0.6792124,-2.6573048,-1.9224882,2.1537914,0.8659662,-1.4326525,0.32830024,-0.83759165
S085,-1.1913091,3.157202,-1.0484152,0.04036524,-0.6100266,-1.2061476,2.423631,-0.20110157,-0.4593449,-0.23775002,-0.59559333,-1.7427307,0.14561614,1.4544349,2.649723,-0.2193204,0.018833239,2.6853669,-0.16856839,-3.3817174,-0.8723672,-1.006907,-1.0212936,2.0818338,-0.6686636,2.811566,2.4906719,-1.2613156,0.044886876,0.88456935,0.7746153,1.9066795
S086,1.6776896,-3.5262709,1.5848668,-1.3487605,1.3533462,0.57549286,-0.42890713,0.48664552,1.6176031,-0.20806488,-0.46118686,1.9968287,0.55649513,-1.185928,-3.3549292,-0.39416274,0.06400922,-3.1987195,0.59511435,2.5264447,-0.22507823,0.3203447,1.8911966,-0.9389416,1.1352706,-2.6453145,-2.2995512,1.872849,0.2865709,-1.5464325,-0.05611644,-0.68445
S087,-1.7101198,3.4486604,-0.6659319,0.5633043,-0.42136756,-1.0023713,2.6455312,-0.4474277,-0.95617324,-0.26667666,-0.77101755,-1.981968,0.40529606,1.1491412,2.7508874,-0.29156733,0.3486171,3.0421546,0.06665707,-3.067061,-0.42320043,-1.0753813,-0.8287817,2.0610318,-0.91769165,2.5434456,2.689627,-1.1205316,0.46099314,0.5109277,0.2505911,1.8691164
S088,1.9550449,-3.422375,1.4455513,-1.5748762,0.76681346,0.3112059,-0.7234891,0.21410437,1.5333518,-0.18487014,-0.7321489,2.0656106,0.6505929,-1.4741004,-3.2047343,-0.49890298,-0.19528614,-2.7944562,0.6898286,2.8343155,-0.13050027,0.73184395,1.6078053,-0.747437,1.1100858,-3.21275,-2.288573,1.264308,0.11872855,-0.96477205,-0.40628952,-1.1223431
S089,-0.7516749,3.0279992,-0.98360085,0.44184574,-1.0489819,-0.77613163,2.1437798,0.11805506,-1.2441062,-0.35547277,-1.4011637,-1.2039806,-0.2082496,1.1729182,2.5788975,-0.60815686,-0.2627444,2.8192618,-0.6053949,-3.2172296,-1.2740321,-1.3650961,-1.1131918,1.6088835,-1.0818688,2.503535,2.3391707,-1.5438607,0.10879557,0.75116,0.71169406,2.0246553
S090,1.9002627,-3.3336222,1.2200774,-0.9792708,1.1611979,1.3959976,-0.22417107,0.2033215,1.5451593,-0.32187417,-0.40859655,2.1191204,0.27200043,-0.9542051,-3.3076057,0.007831436,0.32912827,-2.575648,0.9408346,2.0060103,-0.1625495,0.41482484,1.7978078,-0.32260913,1.3468581,-3.130961,-2.1448858,1.8601685,0.10313873,-1.4001848,0.5282155,-1.1736354
S091,-1.6457013,3.2422636,-0.9411868,-0.4727594,-0.6245442,-1.3370293,2.0055072,-0.32950962,-0.7834869,-0.03779283,-0.7067835,-2.1137288,0.12545183,1.2455171,3.0651255,-0.25453016,0.07262267,2.3733008,-0.48657766,-3.3742373,-0.59401643,-0.95272094,-1.0556179,1.811884,-1.3208219,3.102288,2.827966,-0.5488946,0.37664795,0.74671406,0.42542678,1.9629141
S092,1.4061981,-2.9906485,1.5964544,-1.529144,1.296366,1.0743173,-0.39846814,0.5558488,2.0187569,-0.42524105,-0.17328131,2.008218,0.4873061,-1.0360931,-3.2362266,-0.0660844,0.5442372,-2.9131515,0.9304581,2.852345,-0.12541251,0.47015947,1.3984146,-0.21853282,0.81264424,-2.7015994,-1.5507572,2.0052414,0.15759107,-1.194422,0.28435516,-1.0805129
S093,-1.3335928,3.4692156,-0.8249016,0.5803349,-0.33296156,-1.083434,2.0316885,-0.6693014,-1.144716,-0.4243147,-1.2177373,-2.1290894,-0.099751204,1.1607238,2.7140956,-0.605624,0.5374815,2.8600686,-0.30440903,-2.960553,-0.87744987,-0.91472334,-1.4308503,1.6316433,-1.0178341,2.6847875,2.4878123,-0.7838518,0.44627497,0.8334219,0.5464966,1.7545549
S094,1.8579559,-3.095997,1.5072938,-1.3690809,1.1948137,0.51384926,0.0034547925,0.31280607,1.8314017,0.0042434502,-0.7260863,2.3494594,0.26069775,-1.4165725,-2.9397056,-0.3747101,0.1543501,-3.0032654,1.0013449,2.8960428,-0.33762905,0.5567966,1.7335323,-0.75140166,0.50255543,-2.799044,-1.8177285,2.196624,0.13090315,-1.3432548,0.17187446,-1.3620206
S095,-1.2884532,3.3956583,-1.104427,0.020247217,-0.60534525,-1.1929986,2.5726967,-0.13517867,-1.0092205,-0.10962301,-0.9152563,-1.9849664,0.092222124,1.367323,3.1778636,-0.31951138,0.22607741,2.918039,-0.48539323,-2.7287047,-1.1865722,-0.8745974,-1.1161314,1.6313456,-1.5805289,2.91283,2.2139587,-0.96049356,-0.16607285,1.1301516,0.70694077,2.0499032
S096,1.7013654,-3.3290665,1.5248852,-1.0950543,1.1315966,1.0168892,-0.41116372,0.51950485,1.9932499,-0.083829224,-1.0751772,2.2075913,0.20549208,-0.9794403,-2.9781892,-0.22812654,-0.10323836,-3.0060093,1.2913165,2.5449305,-0.069875315,0.26130325,1.8591431,-0.33261958,0.6626399,-2.7637107,-1.9435427,2.0741897,0.48244557,-1.3033017,0.31936502,-1.0452493
S097,-1.7657417,2.9812386,-0.848215,0.68164223,-0.37190542,-1.2371035,2.5741725,-0.21275418,-1.0071907,-0.30291992,-0.90910834,-2.1091788,0.3520491,1.1858898,2.6379218,-0.19950758,0.55692387,3.104482,-0.46950847,-3.3122768,-0.9470569,-1.1665521,-1.396904,1.7958709,-1.1779823,2.8907444,2.6416776,-1.4876468,0.39905164,0.81335336,0.3957827,1.7702955
S098,1.1889576,-3.508588,1.7016041,-1.0101477,0.95600295,0.9507551,-0.053563777,0.91705775,1.0663761,-0.98738664,0.12299227,1.6197848,0.7401806,-0.4256703,-3.3802078,-0.3583052,-0.21391584,-3.1296322,1.2200847,2.1913486,0.017263535,0.49994472,2.0911822,-0.44949913,1.2138819,-2.4078667,-1.7830546,2.0562882,-0.32162142,-1.5870113,0.107260264,-0.23822732
S099,-1.883823,2.7503593,-1.1041212,0.11867812,-0.8526831,-1.705923,2.225644,-0.3021785,-1.3052841,-0.42683494,-0.7652337,-2.2555597,-0.15048674,0.66717786,3.1359208,-0.7912609,0.33474493,2.6762168,-0.4743296,-3.125767,-1.0450066,-1.0368361,-1.2038286,1.5587474,-1.3906921,2.6047428,2.8431325,-0.97770214,0.38683277,0.75344175,0.42259598,2.0888102
S100,1.5552745,-3.003345,1.4174478,-1.5589101,1.4398469,1.3936263,-0.52632374,0.19227599,1.3174615,-0.05706887,-1.0849003,2.196324,-0.3081498,-1.2095362,-3.9170833,0.09734857,-0.16097178,-2.4671066,0.95177764,2.5203097,-0.7397001,0.27596283,1.801398,-0.80769587,0.6364513,-2.7728446,-1.704336,2.2015166,-0.0594245,-1.3900738,0.06355585,-0.9067708
S101,-0.94017565,3.0498536,-1.2271113,0.60680693,-0.85227203,-1.2380594,2.189192,-0.69237345,-1.102586,-0.6180901,-0.6781839,-2.050213,-0.20634016,1.3602818,2.6516974,-0.53338933,0.311648,2.788942,-0.36892807,-2.9862106,-0.95573545,-0.65898985,-1.1341908,1.280068,-1.2717093,2.9971406,2.313633,-0.9590713,0.061947513,0.59410906,0.7295093,1.1026059
S102,1.8357013,-3.3184826,1.6189002,-1.4806848,1.5180196,1.2571305,-0.24948935,0.44516742,1.4950169,-0.3966482,-0.42597273,2.1719646,0.5937117,-0.8960931,-3.3334794,0.26241115,0.26370612,-2.671079,0.8867653,2.2749293,0.05975687,0.39464852,1.4536343,-0.22310485,1.2568227,-3.0322838,-2.2517688,2.279956,-0.037917178,-1.2636373,0.3121391,-1.2300454
S103,-2.00425,3.2841856,-1.504527,0.6989311,-0.74417675,-1.4400631,1.6127884,-0.91516745,-0.98509896,-0.025257988,-0.22810358,-2.2936447,-0.5310596,1.0263376,3.5580564,0.22943382,0.22288637,3.006422,-0.3915783,-2.706363,-0.21109441,-0.9998631,-0.6756871,1.0088935,-0.9440961,2.607046,2.155658,-0.9429952,1.1116145,0.7560707,0.9224853,1.5586427
S104,1.5557063,-3.3901527,1.3525927,-1.3083284,0.8451985,1.0596362,-0.5708157,0.5628495,1.9881327,-0.2707136,-0.6380357,2.0753148,0.8769371,-1.197821,-3.3402362,-0.012478698,-0.017953116,-3.2252328,1.1541935,2.7288992,-0.53963655,0.7479407,1.5614455,-0.45794255,1.1955701,-2.888522,-1.902787,1.6660509,-0.06465118,-1.3106542,0.23176584,-1.2963694
S105,-1.588026,3.541937,-0.87726784,0.26946923,-0.6402439,-1.2418298,1.9116193,-0.7084367,-0.8442884,0.06098306,-0.8655609,-2.166876,-0.18164548,1.2060817,2.9668088,-0.25885773,0.34357417,2.7037857,-0.12951182,-3.3513978,-0.876819,-0.67505276,-1.1881756,1.4403039,-0.87935275,3.1616328,2.336264,-1.0135593,0.46197477,0.79036945,0.6948453,1.7386104
S106,1.3703183,-3.481922,1.5415349,-1.2984023,0.92881584,1.2750062,-0.299589,0.55678487,1.8113949,-0.5763926,-0.10434807,2.0250776,0.6710793,-1.3182101,-3.3469434,-0.04463042,-0.09872316,-2.8287199,0.83493423,2.467784,-0.5551138,0.7063693,1.6353037,-0.41166562,1.309808,-2.5589302,-1.2855575,1.8502657,-0.12300649,-1.2656168,0.14462212,-0.94211614
S107,-1.489695,3.603199,-0.97225195,0.033870216,-0.2620682,-0.8017087,2.4433694,-0.17553706,-0.80329114,-0.6126825,-1.0302262,-2.29702,0.2226721,1.424238,2.8084755,-0.4657989,0.22285324,3.056997,-0.08734131,-2.7818973,-0.99004114,-1.0354128,-1.2570727,1.9320228,-1.5737256,2.8258498,2.1286633,-1.1654778,0.019866485,0.7409315,0.7336657,1.6459316
S108,1.6253619,-2.7114642,1.7747897,-1.1370759,0.9771321,1.153914,-0.25412932,0.32255584,1.541227,-0.26017419,-0.8251104,2.7587154,0.39867535,-1.0134075,-3.090756,0.07943614,-0.19389541,-2.8798835,1.0404831,1.8532963,-0.30946508,0.3131742,1.7616804,-0.8590929,0.98396295,-2.8675063,-1.8149376,1.4898362,-0.07572751,-1.3786283,0.28521454,-1.0553265
S109,-2.0482113,3.180765,-0.996419,0.45764515,-0.29760897,-1.2459072,2.3159597,-0.48471665,-1.5493532,-0.21279015,-0.69418365,-2.1414874,-0.4133977,1.0089828,3.399263,-0.268065,0.14487894,2.7503023,-0.3376323,-3.346199,-0.41228193,-0.6560405,-1.2954,1.2432595,-1.5753049,2.5541742,2.5004268,-1.4852854,-0.08012338,0.8797278,0.89942455,2.0772188
S110,1.6931539,-3.3424098,1.134978,-1.4418536,1.2191778,1.1354517,-0.24918689,0.6170509,1.7260768,-0.58076257,-0.6412567,1.9421883,0.4437798,-1.3941026,-3.6518815,-0.4388882,0.20739184,-2.7682354,0.95763844,2.404968,-0.7656114,0.7092358,1.6121823,-0.16219269,0.94519156,-2.8423016,-1.3655717,2.2854724,-0.059080068,-1.614676,0.33187652,-0.76143265
S111,-1.6510454,3.2353542,-1.8414086,0.049212907,-1.2688546,-0.85982704,1.917785,-0.3878737,-0.5900027,-0.23081672,-0.5028113,-2.2187343,-0.051193323,1.3528048,3.134781,-0.1959994,0.37809184,2.303558,-0.63390285,-3.044915,-0.80508894,-0.517759,-1.1335051,0.8484397,-1.0246018,3.0819833,2.0367339,-0.6857568,0.81881154,1.1504146,1.0066012,1.876405
S112,1.7691664,-3.1559057,1.5492162,-1.4538321,0.8906703,1.0137452,-0.80295223,0.4452958,1.7378094,-0.3418362,-1.0299851,2.4178257,0.23410156,-1.197438,-3.3566594,-0.19288191,0.06518379,-2.9132268,1.0978887,2.318477,-0.38005635,0.574336,1.528737,-0.29426357,1.0717496,-2.8571608,-1.8249563,1.5705202,0.21531469,-1.8439326,0.06860206,-0.8980205
S113,-1.735116,2.9942322,-1.135115,-0.179853,-1.1261191,-1.0919809,2.0548456,-0.50366807,-0.46015468,-0.0555519,-0.77742195,-2.6417403,0.0067017414,1.2207398,2.6604216,-0.28230664,0.5704798,2.6924741,-0.67311114,-3.1181886,-0.57835007,-0.22042516,-0.53716946,1.2255468,-0.8354579,3.0617008,2.5090744,-0.8494219,0.7859245,0.6096024,1.0464293,1.6658394
S114,1.7070063,-3.3517263,1.1439636,-1.6693041,1.2710395,0.53324026,-0.24930243,0.39140874,1.6376147,-0.47312257,-1.0235676,2.0263693,0.57157433,-1.444172,-3.0961144,-0.52250206,-0.0038837343,-2.9053228,1.0122942,2.4860566,0.023421016,0.56310236,1.6304144,-0.28512397,0.6193968,-2.8830802,-2.0142164,1.8552134,0.26489282,-1.3859388,0.41599423,-1.1375695
S115,-1.7498927,3.5857046,-1.3165554,0.46039206,-0.86693233,-1.0403316,1.8752186,-0.36086887,-1.1673448,-0.09462662,-0.73382086,-1.8809797,0.30361822,0.8231996,2.5056343,-0.09311885,0.7131199,2.7539504,-0.35626692,-3.3073466,-0.9834651,-1.2195861,-0.7519684,1.2597746,-0.922522,2.849889,2.5058858,-1.1062071,0.24409418,0.6394178,1.0159339,2.2565305
S116,1.6822474,-3.201198,1.2434772,-1.2457538,0.86876625,1.2877356,-0.46129093,0.30783957,1.5883893,-0.267278,-1.0494618,2.0163105,0.24021447,-1.2891375,-3.720405,-0.15241615,0.2197932,-2.6251974,0.7671825,2.335939,-0.44387528,0.2794084,1.3101087,0.030489773,1.1980157,-2.8344169,-2.0333097,2.138936,0.028274558,-1.5872669,0.046476915,-0.85451406
S117,-1.4703535,3.223108,-1.3524882,0.073385075,-0.56161034,-0.9566643,2.2806149,-0.3489192,-0.971929,0.16604364,-0.8058565,-2.1347396,0.2834946,0.8641031,2.663126,-0.33662224,0.43856755,3.3170636,-0.2549659,-2.7404535,-1.0855604,-1.3718479,-1.9567382,1.481133,-1.1664096,2.785998,2.107727,-1.2578087,0.10897103,0.6090147,0.8486649,1.4489408
S118,1.7911648,-3.6031706,1.3731041,-0.9668056,0.8605072,1.5947812,-0.63649905,0.6776889,1.5974107,-0.16554478,-0.5759309,2.2236285,0.6568925,-1.1794268,-3.7011814,-0.18240176,0.08574052,-2.7494137,1.346075,2.4349775,-0.80554104,0.65563256,1.3279452,-0.34012705,0.9578878,-2.7785408,-1.1993803,2.459649,0.35375524,-1.853548,0.062701955,-1.0587009
S119,-1.7442049,3.4971192,-1.3985003,0.23260872,-0.6271901,-0.84001815,2.2691348,-0.2400552,-1.2590551,-0.3550369,-0.7998598,-1.9588879,0.19817564,1.1562997,2.7305708,-0.82786566,0.58853066,3.101993,-0.26708427,-3.065445,-0.63632405,-1.0670455,-0.65368253,1.3747839,-0.89233,2.5859606,2.4770625,-1.0767875,0.9199455,0.7747522,0.54274404,1.6597041
S120,1.6258737,-2.9841552,1.6251647,-1.3250248,1.0081618,0.752126,-0.4143164,0.527762,1.3323983,-0.54879206,-0.50385904,1.8881193,0.8195702,-1.2374412,-3.4007869,-0.45908147,0.31267434,-2.950288,0.7535201,2.6466231,-0.7153908,0.81661457,2.0660245,-0.7853456,1.3007718,-2.8348563,-1.9302468,1.8774613,0.23124331,-1.6053579,0.11234469,-0.71194756
