,z1,z2,z3,z4,z5,z6,z7,z8,z9,z10,z11,z12,z13,z14,z15,z16,z17,z18,z19,z20,z21,z22,z23,z24
Sample_1,-2.5681791,-0.3876519,3.2972484,-4.3421373,3.0892758,1.0521708,-2.162747,0.19565749,-2.8905134,-1.5389607,-4.4088564,0.26242435,2.3105655,2.9562495,2.3188856,-0.3504346,-0.98843455,-0.4906385,-4.3000097,-3.8592048,3.575511,-0.5701661,-2.5606313,0.42137027
Sample_2,0.28613663,-1.5337019,-3.9026275,0.19173512,2.3858614,-0.71855676,0.40150747,2.2189388,-0.640165,-2.2386792,-3.2849998,-1.4489105,0.2963556,1.9694116,3.0440183,-0.35835254,-0.33080518,-3.7289305,-2.6727533,-3.3315587,1.5732312,-1.5276,-0.09063697,-1.9900563
Sample_3,1.4129734,-3.9486685,-2.7684286,0.9794152,2.2431757,2.2178905,-1.7757645,-0.6688758,-0.94752204,-1.1953732,-4.9224563,1.3641646,1.0140696,1.2875458,2.2523391,-0.13235712,0.68803465,-2.0291288,-3.30708,-5.709273,0.5143796,-2.2149546,-2.8694239,-2.081206
Sample_4,-3.6000557,-1.3227762,-1.7758417,-0.9886569,-2.0510468,3.973116,0.655655,1.201656,-4.047371,-3.3045616,-3.605031,0.23353463,2.2101312,7.4488235,2.3822057,-0.59649086,-1.2892212,-2.8163471,-4.205291,-6.5654116,2.0362885,-3.108457,-0.10416651,-2.05576
Sample_5,0.62347794,0.37234616,2.6882591,-0.6339578,3.5492406,3.9886308,1.211244,1.8325801,-2.3654842,-1.628001,-4.1345553,0.25077847,3.7596145,1.2051061,3.4656975,-1.7038777,-0.12237719,-5.8529177,-3.7681997,-6.399618,0.18998194,-2.0690448,-1.674222,0.466344
Sample_6,-0.102743626,-0.5494989,-1.3700293,0.2305325,0.9443241,1.1350787,0.56116927,-2.7926242,-0.87197566,-0.5237333,-4.6291227,1.0801328,2.4121938,0.6985997,2.3332934,-1.1233723,-0.3559,-2.2989342,-4.538442,-4.4059987,1.4941599,-1.4612162,-2.0182116,-0.6452819
Sample_7,1.3702466,0.18557736,1.134406,1.0999405,0.027655125,1.6268253,-0.4840689,-4.3505216,-2.4480927,0.7704356,-4.0752816,1.1612843,2.4284508,3.4004445,1.9770794,0.05777836,0.3087918,-2.9357615,-4.368807,-6.574697,0.87420964,-1.6196736,-2.0384974,-1.8133489
Sample_8,-0.90331733,-0.04803307,-5.6713023,-0.6124718,1.0698031,1.9631042,-0.61756843,-2.0070553,-3.965097,-1.6722765,-4.083586,0.3080976,1.0496894,2.5427854,4.3894777,0.887616,0.022984087,-0.77424765,-4.889733,-3.9335537,2.79142,-2.6417906,-1.0297394,-2.2136548
Sample_9,-0.7637825,0.4082962,-2.7000132,-1.050558,2.5502205,-1.2766755,-3.7354782,-1.8264527,-3.7500224,-1.6300743,-3.851434,1.5615509,2.3644092,2.2646434,3.8789432,-0.99843353,-0.37189603,-0.9627731,-3.7610776,-5.994511,0.7378677,-0.8328125,-2.1610456,-2.6280513
Sample_10,-0.16482484,-1.4724911,-0.14435375,0.66256464,1.9894953,3.394371,-0.74213886,1.3299891,-2.215922,-1.525799,-5.0432534,-1.8922641,1.6955013,0.82820845,3.6054404,0.15011966,0.2935764,-3.478612,-3.4631135,-3.5105314,0.7841637,0.4036677,-2.0110576,-0.50787985
Sample_11,0.20775282,1.7744081,5.057187,-0.28561142,0.6430238,3.4547114,1.2945069,-2.300477,-1.597305,-3.1718447,-4.670404,0.5989075,4.009924,6.031122,3.8901653,-0.86637306,0.4749271,-3.8240523,-3.9210017,-11.199553,2.289156,-1.6724948,-2.1676197,1.0755647
Sample_12,-2.0540552,1.883899,-1.3283527,2.8082724,-0.013306379,0.66379917,-0.06744009,3.1902316,-3.1058936,-1.0598296,-3.890615,1.0076672,2.6131966,1.124176,3.885026,-0.8252105,-0.18460536,-2.1819258,-4.515375,-3.8797247,2.1018038,-4.7187033,0.76861453,-2.792369
Sample_13,-0.9459612,-0.008577272,7.2426662,1.4829962,1.9965925,0.10239804,-0.52902174,0.9699795,-2.3832314,-2.8150482,-3.8588402,-1.0825632,-0.21163607,2.4186025,3.248509,-1.7296965,-0.20961012,-4.1384983,-4.0189476,-0.7395568,2.1121583,-1.9440825,0.94295406,-2.1590102
Sample_14,0.056701064,-2.3876145,2.1622477,1.1397511,0.63554275,-0.7540903,-0.80350447,1.7762382,-4.2242026,-1.1024399,-2.7959418,0.20822221,2.717362,1.4643631,3.477179,-0.53456557,-0.42841405,-0.54733896,-4.3466496,-4.2959228,1.6716344,0.24731398,0.095748544,1.0734206
Sample_15,-0.51378524,0.4281181,-2.9039376,-0.32681394,0.79963005,1.6162169,0.5118315,-0.15356061,-1.6329355,-3.327743,-3.985112,-0.3907141,2.2538424,4.5714893,4.989727,-1.0223321,0.33937302,0.27849364,-3.4240317,-1.3231547,1.0182161,-1.4237764,-0.39356786,-0.5386264
Sample_16,0.3047912,-1.0127805,-3.5745783,-0.65740246,3.1025105,1.16065,-1.055935,0.30356133,-2.824323,-2.4307942,-3.7077107,1.8337133,1.5111928,5.2696934,4.2185106,0.22094107,0.42563754,-2.1779525,-3.9572241,-1.516422,3.4664235,-1.2248012,-0.82375884,0.68121624
Sample_17,-1.503396,2.0657175,4.3670616,2.641745,-0.33410907,-1.7497693,-0.7630131,-1.8528475,-2.2193818,-0.29526544,-3.9452817,2.1065066,1.5530093,1.7824001,3.0988026,-1.6306734,0.63681436,-2.9152527,-4.6070437,-6.6378603,3.5330384,-1.7099546,1.3023057,-1.3945535
Sample_18,-2.4630017,0.054727264,2.0363154,1.6927841,1.8383434,3.9784477,3.1390462,0.71666586,-2.6430554,-3.5126483,-3.9639754,1.5492533,3.5591707,2.9115124,2.4918315,-1.4545946,-0.4041566,-1.1921189,-2.7911348,-7.2784386,1.969111,-1.6001323,-3.0978847,-1.6901994
Sample_19,-1.3643733,2.0495174,2.9704113,-0.18799084,-0.7757896,1.7722411,2.336209,1.5823387,-1.308594,-1.8431641,-3.7764149,0.7648783,0.7235006,-0.8014531,2.2243352,-1.224831,0.63509494,-1.1287165,-3.8260756,-7.3129435,1.5890595,-1.9269744,-0.35725564,0.70706916
Sample_20,-1.2459726,-0.8866804,0.8418883,-5.3848085,1.2325894,-1.8515564,-3.4297774,2.9087698,-5.207982,-1.794985,-5.0951715,1.7493455,4.3502283,3.6406252,2.244801,-1.0945411,0.52673495,-3.0710168,-3.1259828,-4.139055,1.3516357,0.2615242,0.5716882,-0.1881082
Sample_21,-1.195615,-1.2934651,-5.579705,-1.002547,2.784254,2.1769857,-0.0031403601,2.7772527,-3.208846,-1.5035297,-4.411493,-0.24067539,1.2382666,-1.1327958,2.6351125,-0.16652477,-0.8461422,-1.0381646,-3.066651,-5.059974,1.8050134,-0.7704786,0.7076154,-1.5660555
Sample_22,-0.47596467,-1.4114987,-0.961158,-2.7670195,3.063426,-0.60671175,-1.5802643,3.0455499,-1.7470204,-3.2237787,-3.0797043,2.849899,0.80279064,3.7901645,2.9847357,-0.5398118,-0.049545035,-2.252534,-3.4331656,-8.587037,2.1281674,-2.3516417,-2.630693,-0.28392118
Sample_23,-0.1570499,-1.1998552,-4.8414083,1.9411371,-1.5519732,1.9823711,-1.705601,0.26025522,-2.43753,-0.3564955,-4.14628,0.5609207,1.490618,5.4833508,2.3675537,-1.8566465,-0.49390745,-3.6694095,-5.8795686,-5.3305473,2.3116019,-0.4185189,-2.247758,0.32435358
Sample_24,0.38478827,-1.4597902,-3.7596455,-0.28072608,-0.3797245,2.269182,-0.08877027,0.6942699,-2.0632148,-1.251424,-4.475617,-0.4420576,0.09746468,1.6213497,5.6155334,-0.534434,-0.7195575,-2.194834,-2.534028,-1.9814081,2.6383119,-0.87800765,-3.2692928,0.6441717
Sample_25,0.4739486,-0.22889543,0.80787504,-0.9171593,-2.3126054,4.835707,1.5740854,1.0268066,-1.518223,-1.980741,-4.102366,1.0218337,0.68458426,4.8142233,2.5095558,-0.7168532,-0.4529062,-2.2295506,-3.0390384,-10.640276,1.3823847,0.2741474,-2.3041573,0.15735435
Sample_26,-1.9812092,-0.8061335,1.5070814,-0.10474837,-0.6931839,0.8529889,1.0927148,2.7270966,-1.8038507,-1.939378,-4.1499124,1.2695491,0.5600797,2.934207,2.1515758,0.25666577,0.014359087,-2.7445793,-5.2796655,-8.745217,2.457795,-0.95700574,0.73255885,-1.6726003
Sample_27,-0.73328936,0.20778334,-0.57282054,-3.0252707,2.4589868,1.4614662,-1.8964839,4.0928288,-1.1990469,-0.68270445,-3.474068,0.91120934,1.0844067,6.3395176,2.6762316,-0.308936,-0.82213646,-1.0127966,-5.5876327,-3.1464787,1.8701708,-1.061307,0.14897656,-2.941623
Sample_28,0.09587014,-1.1411252,1.8748618,-0.3558525,-0.8691938,2.5683613,-0.79725236,-3.3741891,-3.2114542,-1.6064594,-4.839262,1.2292691,2.8385286,1.2370162,3.031266,-0.37589386,-0.9736288,-0.7808243,-4.0156803,-4.5076647,1.0843623,-1.0338285,0.701676,-1.5007042
Sample_29,0.7436969,-0.54431486,1.9318365,-2.9792805,1.9935126,3.958189,-1.0967851,4.3269725,-3.6383781,-1.1954869,-4.5545797,1.0945581,2.4361012,2.1368341,3.7095265,-0.65567005,0.92342067,-4.4158335,-5.0234427,-7.1274433,0.7791939,-0.9155901,-0.6261087,-1.6574018
Sample_30,-2.1272855,-0.8550097,0.09877694,-3.4473834,2.5722904,1.0997322,-0.49170068,2.7567635,-1.7422409,-1.3943863,-4.8646274,0.7992457,1.7764024,0.4637941,2.3447564,1.0724671,0.8493104,0.3537202,-3.7243438,-2.7173917,1.6928507,-0.74128866,-1.9509375,-2.1275287
Sample_31,-2.0051951,-0.20995525,2.417222,0.16465655,1.6911713,2.8443346,0.45877022,-2.2532067,-2.2991352,-1.8024822,-3.3972487,1.863164,2.3204048,2.3485496,2.2014658,-0.79966426,-0.19290337,-1.8377044,-3.6805818,-1.5087943,2.9266977,0.621935,-1.4649372,-3.460361
Sample_32,-1.9851364,1.153776,0.7331891,2.6843638,0.48600078,3.4900007,-1.407745,-0.37315175,-3.1767006,-1.0332808,-4.113302,0.028999269,3.078928,1.4088752,2.4306376,-0.21779022,0.47490373,-3.0701897,-3.8826756,-5.598517,1.2798697,0.7789401,-1.5726441,-1.0167423
Sample_33,-2.9188151,-4.1538086,3.6480212,2.049819,1.010923,0.031986,-2.9572396,-1.5402951,0.359447,-2.4990845,-4.498617,-0.37711352,-2.0504897,-0.20822883,3.8472524,-0.26804036,-0.93256354,-2.602947,-3.388149,-12.5916,2.2573223,1.6374637,-0.30825526,-3.676179
Sample_34,-2.5337868,1.1342734,-5.2924204,-2.7661967,3.4132018,1.2144685,1.1806635,0.61593753,-3.9628901,-0.518769,-3.58365,2.7231379,1.6297674,-0.16409492,3.2802708,-0.6596431,0.27160338,-0.5401144,-3.7710927,-2.950714,1.729521,-2.2829247,0.045978427,-1.4619515
Sample_35,-3.0107281,0.6306726,-3.6539164,-1.9366341,0.9093126,2.4558175,-1.4656209,1.7561568,-2.3555388,-1.8308218,-3.8868742,-0.183299,1.2772368,-2.3201041,3.6976836,-1.1036031,0.04427418,-5.2148476,-2.9354472,0.5143652,1.1377387,-3.934554,-2.731955,-0.87215805
Sample_36,-0.36496896,-0.43885294,-1.323523,-3.6696928,-2.4969163,5.029109,-2.2132332,1.3987881,-2.0227504,-0.20300305,-4.558984,2.376775,4.1034994,1.2355828,3.2770877,0.4915613,-0.036553673,-2.4715662,-3.2525017,-1.5481036,1.8715341,-0.043941617,-0.4657873,0.16712093
Sample_37,0.8579829,0.4140119,-0.6131948,0.3788,3.0719233,1.3571262,0.121479064,0.9081786,-2.5046306,-0.48629493,-4.487162,1.2580967,3.4183607,5.6366158,2.4001293,-1.3488405,-0.24310826,-1.7740636,-4.3061066,-2.8020272,1.8238847,1.6510403,-0.15832758,-0.63216627
Sample_38,-0.47741485,-0.3448729,-4.729437,2.9150462,3.488236,5.0258946,-0.42177853,-2.682031,-2.751441,-1.6290437,-4.95533,-0.2855898,1.7483925,3.3270943,2.3309717,-0.6678906,0.73490775,-4.1016736,-5.3760405,-7.9353666,2.617198,-2.2324421,-2.0254455,-0.0038913488
Sample_39,-4.291871,-0.08300544,1.1697191,-1.5396919,0.6171254,-1.6244136,-0.7594906,3.4963155,-0.81455684,-3.6241608,-4.9798098,-0.18008268,1.6940073,2.4953566,2.5009596,-0.6781851,0.4735428,-3.1520255,-4.3105717,-8.30722,0.7032428,-0.9598936,-1.5717537,-1.9018707
Sample_40,-2.8304625,-1.3482587,-1.5837241,1.2570086,2.6299915,3.2042036,-1.9005892,-2.5480492,-3.239909,-1.250467,-5.01927,2.1205258,-0.28722668,4.3215885,1.5928365,0.2947244,0.16159517,-1.7308176,-3.778343,-8.132104,0.9627596,0.10914588,-1.0833583,-1.6940892
Sample_41,-0.97373813,-1.2391298,-5.30466,0.69160235,0.7311685,3.2413883,1.4425206,0.11739803,-2.53314,0.5096308,-3.8367786,-0.044241607,2.5619683,3.345482,2.1880689,-0.85290825,0.374484,-1.1450881,-4.594002,-0.0098929405,4.151808,-1.1106769,-2.9810677,0.4441346
Sample_42,-0.5986048,-2.53798,0.40683424,-0.24879539,1.8237212,1.3018067,-2.1830215,-1.746404,-1.8905914,-1.2530924,-4.661316,0.42865548,2.7223997,7.3463097,2.5422225,-1.3750818,-0.5314435,-1.3684903,-3.4236512,-0.6394367,2.4852138,-0.6658836,-0.7946181,-1.8959975
Sample_43,-1.2022316,1.0160923,4.247174,-2.8120255,1.3615417,1.9209546,-0.7046345,0.50026554,-0.6491852,0.24172544,-3.7379994,2.2503984,2.6124434,2.806831,3.8389447,-0.41696227,-0.3142674,-4.774267,-4.210587,-8.758715,2.579779,-1.5419989,-1.4134271,-1.2197944
Sample_44,-0.43830842,0.8343535,2.9872174,-0.43940789,2.2333012,3.6777778,-0.8670895,-3.0146801,-2.321627,-0.4851386,-3.3725045,0.71663105,0.6437037,3.5616465,3.1841016,0.32678473,0.42078748,-2.0211124,-3.0139952,-6.80214,1.7840912,-1.1320708,-1.6289501,-1.3118458
Sample_45,-1.5179286,0.11681381,-4.3752155,4.046997,0.97542316,1.7100666,-0.050845534,-1.297724,-3.4396124,-2.003768,-4.1034813,0.41405636,0.91093457,1.0144876,2.4797904,-0.0924719,0.06681888,-2.4676368,-4.7769165,-8.981573,1.7151972,-0.9952701,-1.7784052,-2.5129519
Sample_46,-3.4037492,1.3997911,0.60663354,-1.8377362,1.4892654,-1.5866872,-0.8578081,1.6436883,-2.0025568,-0.6070861,-4.0556884,-0.4868577,1.7625201,0.19553328,4.361928,-0.17652062,-0.92677987,-1.4765316,-3.839692,-3.8114815,1.818044,-0.6961878,-1.2194002,-1.544346
Sample_47,0.022323608,-1.136637,4.468478,1.0391155,2.1194448,0.7718303,-0.57471484,-2.4222853,-1.3259338,-1.7037326,-3.6040494,0.57334006,2.268601,1.1477991,3.1910129,0.26113456,-0.30865115,-3.4172268,-4.2274313,-12.848068,2.9745858,-1.9066373,-0.8568509,-3.3757672
Sample_48,1.5578716,-0.20464166,0.16091537,0.28600886,3.8032882,0.9622333,-0.7060243,-2.1811912,-0.9278705,1.0852405,-5.816351,-0.09577173,2.1232228,1.8102994,4.361295,-1.360985,0.022493675,-5.6863112,-3.4420962,0.54204655,4.2607355,-0.9263341,-2.7132921,0.4432627
Sample_49,-0.68554056,-1.3718827,0.3498112,0.39099953,2.8808389,2.1950564,0.05719748,1.1419343,-3.279965,-0.2564646,-3.5802362,0.9915062,0.91048443,0.7499113,2.887189,-0.49816772,0.75585264,-1.9810958,-4.5521913,-6.324351,3.3956761,-1.6458831,-1.6483374,-1.7118437
Sample_50,1.0129191,-0.58660233,-1.3454688,-0.005513668,3.3433456,1.1971219,0.31169707,-0.06662088,-2.2406907,-2.5529487,-5.4152803,1.2557155,0.098315,-0.29892612,2.2488172,0.3855418,-0.5839546,-1.3690746,-4.6944413,-1.8683262,1.5672783,-0.14326227,1.2616733,-1.0756208
Sample_51,-2.0254593,-1.5839466,1.455417,2.798692,0.7924105,0.23559833,-0.57857007,2.4740982,-3.1690927,-2.6908555,-3.707958,2.1636844,0.026949763,2.9209583,2.4537714,-0.454351,-0.7687075,-4.4526362,-4.875589,-6.2113204,2.0653274,0.71097434,-1.6565193,-1.1887169
Sample_52,-2.2668219,-2.884506,-4.364758,-1.8953309,2.7589788,2.2800856,-1.7760267,3.4205644,-3.1993499,0.46239138,-4.482531,1.3020341,4.7407517,4.570738,1.6165717,-0.6834513,-0.1538449,-3.175204,-3.2310743,-4.569413,1.1294134,-1.9566796,-1.7083915,0.4550333
Sample_53,-2.0107706,1.2984915,-6.5027294,-2.083746,0.01646638,-1.002117,0.17630202,-4.9557357,-2.4985318,0.55291796,-4.6554394,-1.5040464,1.1976058,6.114251,2.6806297,-0.08685398,-0.97552943,-4.0444136,-4.9939322,-3.813901,1.1318898,-0.5459306,-0.9173398,-1.9569532
Sample_54,0.9570234,-1.1097504,-3.6806378,-1.8634552,-0.3075111,5.259192,1.7087389,-0.69013935,-2.8898606,2.2698762,-3.167494,-0.8275281,1.229718,2.3438652,2.844231,-0.6959643,0.8320732,-1.676999,-4.1880703,-5.6807966,2.5759072,0.5150285,-2.1784878,-0.8832654
Sample_55,-2.0403135,-0.09998929,-3.0483394,-2.3739853,-0.16730666,0.024506211,-0.4392355,-1.1826558,-1.802434,-0.04344678,-3.0759773,1.0963783,-0.57327724,0.19104934,3.2059662,-0.5726549,0.064003855,-3.2550888,-5.3494153,-5.448898,2.0752714,-2.4413652,0.89186037,-2.5355837
Sample_56,-1.4710522,-0.003073275,0.36357284,0.43864432,0.0963434,-0.2565292,-1.352353,2.05022,-1.1667359,-1.5990068,-4.486137,1.4789934,2.3971064,3.6184049,3.4954286,-1.2689376,-0.11992426,-3.474115,-4.086521,-8.158379,3.1014419,-0.38525188,-1.8155682,-3.1190312
Sample_57,-3.634314,-0.51524925,0.06746769,1.6688356,-1.0602229,2.3559985,-2.593953,1.6461356,-1.2543813,-1.6979339,-3.648301,0.7799286,-0.42974055,-0.904222,4.45965,-0.6340134,0.22942221,-2.63339,-2.7817578,-7.7636003,0.7094878,-1.9774852,-1.17559,-2.3929825
Sample_58,-2.0060275,-1.1298902,-2.9712758,0.8270869,1.793087,1.6407773,-3.1632445,1.2871826,-3.094325,-0.45890707,-4.857607,0.7088478,1.3950524,1.3266667,2.797309,-0.85777044,-0.54309154,-1.1027085,-3.8715684,-2.43676,3.163928,-0.9791955,1.8306938,0.7024112
Sample_59,-2.252747,-1.0564938,-1.3541281,0.48145887,2.558519,0.34029484,0.5622298,-2.047733,-3.1783888,0.9711362,-4.242557,1.5647101,2.1224742,2.626426,2.003641,-0.5913075,0.8779733,-3.0373611,-2.6975422,-3.8679235,2.9685571,-2.4333735,-2.1665184,0.14592505
Sample_60,-3.470838,1.9746556,-2.7324882,-0.030009776,-1.3958216,-0.1985234,-0.41029656,-1.6248552,-2.5809803,-2.8712718,-3.8226395,0.32518947,3.7370884,5.1228695,3.5940042,-1.3133292,-0.4771438,-2.5574698,-1.5236485,-0.9894786,3.1859112,-1.374598,-0.93597394,0.26459932
Sample_61,-4.2301364,-1.8901865,9.204197,1.9108361,1.549031,2.3519955,0.3904548,-0.7099645,-5.1968584,-1.8037369,-4.102052,-0.45502287,2.7200205,0.36885142,2.4632468,-1.0710102,0.9038365,-2.8584096,-4.142029,-5.8912473,3.7031093,-0.6070841,-2.9384654,-2.4835043
Sample_62,-0.48653144,-1.1415876,3.928244,-1.1339293,0.75569993,-1.3799545,-0.4082174,-0.90062636,-2.3988967,-3.119525,-4.810584,0.9425244,0.88461816,2.3826277,2.2227883,-1.7106504,0.23443231,-2.8389425,-3.8948104,-6.7963214,3.2667444,-0.89475536,-1.985585,-2.7314043
Sample_63,-0.57474303,-1.5916293,-3.2420328,-2.2530184,2.600299,2.007985,1.1073318,-1.6011,-2.3461483,-2.9471967,-4.023745,0.6615358,1.2657316,1.8747224,3.778071,-0.25038996,-0.6331221,-2.6222444,-3.8070676,-3.6579947,2.1021914,-2.463877,-0.45572972,-1.7671086
Sample_64,-3.9823766,1.4306493,-2.3923664,-0.6927678,0.7531152,-0.1422453,-0.83165145,-0.755304,-2.8435345,-3.3515742,-2.9874063,0.35387084,0.5317433,2.2144804,3.3553143,-0.7697754,-0.31029648,-4.5709324,-5.1321054,-7.665162,0.93714726,-0.7601606,-2.0418613,-2.6184962
Sample_65,-2.0031476,-3.0998235,2.7275162,-4.2667775,-0.9582405,0.37280023,-0.94248164,2.1229095,-2.0940123,-2.3310757,-4.794467,1.0355453,1.7898115,-0.7974367,4.160441,-0.8295846,-0.09204552,-5.116805,-3.2587962,-1.0128784,2.800142,-1.3481579,1.7414939,-1.9890964
Sample_66,-2.3257494,-0.07865003,-0.9871861,2.6278317,2.1231055,3.3436856,-0.081510425,0.11832133,-3.4876943,-2.162417,-4.431533,0.4541236,2.6504028,1.5776017,2.4779658,-1.7298768,0.99475896,-2.4288285,-5.1634254,-10.920176,2.8492756,-0.2509023,0.65033877,-3.652695
Sample_67,0.09726381,-1.734056,-2.286313,-2.8468208,1.092256,1.518985,0.08774996,2.112684,-1.2777355,-0.93145585,-3.7833717,1.1098043,0.79825544,1.3688056,4.0101132,-0.78231454,-0.2922363,-3.2601538,-3.293359,-5.3304443,2.6489234,-1.9889431,-1.9554713,-0.37458473
Sample_68,-0.4243015,0.10920685,0.6406083,3.7749867,-0.9011115,1.2840011,-2.1816993,-2.5116649,-1.197282,-1.7338629,-4.2915325,1.9821486,3.6850705,1.6461455,2.1368837,-0.7733422,0.1969302,0.43842483,-4.007326,-6.6433725,0.8376436,-1.9722856,-3.9555385,1.4176062
Sample_69,-1.8889899,-0.63031596,-3.2608576,-1.1981499,3.7534194,1.3480635,-0.49003497,-0.9976185,-0.7153635,-2.588552,-4.2888384,1.462337,-1.0234098,-2.2931595,1.7951698,-1.2615982,0.13860482,-2.8656166,-2.7044473,-1.5309737,3.223845,-0.5866481,-1.3393362,-3.0281444
Sample_70,-2.4540145,-0.012589902,0.7608185,1.0679711,1.7787917,3.5062475,-2.270278,1.3799701,-0.2443645,1.3247116,-5.0021796,1.2323502,2.1128683,2.8532708,5.2537527,0.20247245,-0.091408014,-1.1146659,-4.223873,-11.643425,2.4555275,-0.43337226,-3.432135,-0.16564041
Sample_71,-2.3916807,2.544576,1.9301015,0.10485026,-0.84012914,1.4674355,-0.53024286,-3.341309,-3.9635673,1.3089597,-4.187,1.3128593,1.1579112,0.83988535,3.6310294,-0.91403556,0.023325682,-4.456754,-4.4448323,-5.899991,2.298279,-1.0095885,-3.9600623,-0.95194435
Sample_72,0.23128271,0.957352,-5.8336487,0.14839461,1.7634363,2.3891547,1.197204,-0.41980487,-0.95343304,-3.3782911,-4.73047,-0.12902278,3.1635315,4.511651,2.6029887,0.4836924,0.25650245,-2.9266212,-4.4010077,-1.2183201,1.9261329,-2.1391115,-1.028373,-2.1360765
Sample_73,-2.295598,-2.647681,-8.053247,2.391929,1.938536,-0.0823071,-0.66962695,-2.8359973,-1.8552284,-0.85311764,-4.1007214,0.7134037,0.7740644,4.62365,3.0751512,0.30009168,-0.15094715,-2.5827327,-5.0996757,-8.346042,1.2777526,-4.0386443,-0.42973077,-3.9751735
Sample_74,-1.7253413,-0.4367297,0.28658104,3.456304,2.195159,2.528614,0.73711145,1.6674037,-2.477867,-1.3239552,-3.9356234,1.7994254,3.2045174,2.2529101,2.686921,-1.7629699,0.46705335,-4.4933505,-3.1297307,-4.6210847,0.625859,-1.1134926,-1.3018963,-1.4571073
Sample_75,-2.1870084,0.2804267,-3.6837907,-1.2624303,1.5622479,0.24281919,-1.9826262,-2.3340216,-3.598442,-1.2201599,-4.9495993,0.12054455,0.5994233,1.0122586,3.9871407,-1.7926307,-1.0539939,-0.75993395,-4.236521,0.19798708,0.1231153,-0.87229323,-1.4129571,-1.6933353
Sample_76,-1.3455821,-0.97031504,-0.20376348,0.008596033,1.0798298,1.7208098,0.24275637,2.744462,-3.587013,-0.25808263,-4.664948,1.2743446,1.4613276,1.8326646,2.9357693,-0.43604386,-0.8373598,-1.7952724,-3.376103,-3.479206,0.81013334,-0.17968392,0.5683254,-0.04895723
Sample_77,-0.1371007,-0.31083015,-2.4781213,-2.7934964,1.790842,-0.6226152,0.36260718,-0.06694249,-2.497394,-2.5535092,-4.3184104,0.94888914,2.0134034,1.947789,2.0476608,0.24400604,-0.39264226,-1.7616833,-4.859006,0.08901596,3.253315,-1.116624,0.056693554,-1.7441667
Sample_78,-1.0278451,0.67621017,-0.8659872,0.10772726,2.161699,2.1307735,-0.4925812,-0.3621194,-3.2902908,-2.1843433,-3.9531262,0.67251986,2.6006587,-1.3596714,2.337374,-0.6686478,-0.36164403,-3.586483,-4.303827,-7.2355223,2.1105347,-1.9061812,-2.313652,0.57366455
Sample_79,-1.2499446,-0.21967421,-3.2376165,-1.923318,-0.28511667,-2.2909656,-1.8920841,1.3403,-1.7207375,-0.346372,-4.2931237,1.3393084,0.9945648,-0.26948142,3.965662,-0.49418986,-0.28854764,-4.077152,-5.0616837,-0.27479887,2.3475044,0.12506843,-0.6934552,-0.64542246
Sample_80,-1.436186,2.1893058,-7.019269,-0.60777223,0.42176342,2.444369,-0.14097387,-1.23357,-2.0612168,-1.54129,-4.3445907,0.748312,1.3872578,5.836052,3.75666,-0.030633986,0.5155118,-1.5223273,-4.352669,-10.792532,1.9030364,-0.8888918,-0.14707792,-4.3129306
Sample_81,-1.1552616,-0.33005115,4.5181274,-0.32284147,1.0858936,0.16054332,-1.7398597,1.0911471,-2.442086,-2.3290985,-3.9159377,-0.21920365,3.3363833,3.333836,4.4595,-1.689956,-0.28280878,-2.5962467,-3.188749,-14.552242,2.5535052,-0.043376684,0.22425926,-0.74528754
Sample_82,0.14840055,0.2006425,-5.148365,-1.5249778,0.33102548,1.6805948,0.3882097,0.26093578,-2.1535535,-2.7910872,-4.660936,0.8275699,1.2193408,2.8251166,3.4693687,-0.22340348,0.5524429,-0.9369781,-4.006944,-6.9606,1.1683352,-1.2678151,-1.7338138,-0.5852517
Sample_83,-1.6974933,0.7436274,2.4801438,-1.1914037,0.20761108,2.0937197,-1.3825758,-1.2182347,-1.3812844,-0.7864204,-4.0638404,-0.5202723,2.7780538,0.3806709,5.249029,-0.61935025,0.15113759,-2.388287,-3.215108,-4.9505744,3.3755412,-2.1429245,-1.8225539,-0.7400852
Sample_84,-1.2017727,-0.004749581,-2.0516021,-0.29248524,1.4310961,-0.15174055,0.12663317,-3.6353393,-2.9355743,-2.3814673,-3.9464314,1.7464395,1.0242682,3.2362165,3.6376293,-0.64962155,0.17240646,-2.8204415,-4.3714366,-7.0850096,1.9364196,-0.5748799,-1.2032776,-0.9008656
Sample_85,0.20479524,-0.9282371,-0.7200444,-1.2910172,-0.19486368,2.888406,1.4530747,4.0855994,-0.84736896,-2.5644841,-2.7194781,1.6874197,2.7298572,3.2062874,2.1143477,-0.11607766,-0.13683453,-1.7029455,-4.0484395,-7.086049,2.5697815,-1.3239993,-1.7085059,0.8812096
Sample_86,-2.5789237,2.1321037,0.86327994,3.740152,-0.044659376,-1.1487104,1.4132186,-0.26250976,-1.3132055,-1.1263642,-5.0568347,1.524143,1.5221115,1.8462114,2.1470437,0.78671545,-0.4107532,-2.9777427,-4.590694,-6.226096,1.8651199,-1.6382681,-2.2518492,-0.6195047
Sample_87,-0.97189826,0.29985633,-3.4365501,-1.6268203,4.001471,1.5580409,-1.0560515,-1.0768267,-1.6878908,-2.8112845,-3.9331756,1.2231381,2.1458328,5.628396,4.378302,-1.9178324,-0.20338683,-1.9160099,-4.3437247,-6.609233,3.7592156,-1.5960091,-2.428553,-1.9245906
Sample_88,-0.8789361,-1.5057642,-5.542727,-2.8192973,0.20691085,1.1051526,-0.47573054,-0.022575475,-5.3757772,0.6940259,-4.3951,1.2550744,0.8406869,0.3894589,1.8699394,-1.3587599,0.64816445,-3.8982282,-3.6136441,-0.1556139,4.398465,0.72428966,-2.2299037,-2.4708893
Sample_89,-0.45397538,-1.7615311,-1.6076806,0.3870693,3.595408,1.8403502,1.465615,2.4150717,-2.7227278,-0.1511606,-5.1316853,0.7233127,2.296728,4.940262,2.7926826,-1.6431894,-0.15777317,-4.288243,-3.5275946,-2.1850634,2.9698284,-2.3986144,-1.2372487,-0.025794268
Sample_90,-1.4665587,0.7301209,-6.7675457,-1.1072611,2.960713,1.2733421,0.59841955,1.4216549,-2.882783,0.2510693,-3.460001,2.4766617,2.3938334,1.1549226,3.2043335,0.9301363,-0.44989398,-3.5563262,-4.4367766,-6.413213,2.0538979,-1.0976826,-0.6549375,0.18130279
Sample_91,-0.089325786,1.0091151,-5.16476,1.4994634,-1.1970783,2.4100876,-1.4233505,4.0318174,-2.1323266,-4.5036716,-3.1982722,-0.17988795,0.8905691,2.5705986,2.5786319,-0.9339315,-0.14184505,-1.660732,-3.7261126,-6.9467535,4.6606894,-0.7140109,-3.9778614,-0.59422743
Sample_92,-0.6663669,-0.91974413,-0.77397645,-0.39777985,0.066625595,5.4917417,0.10555163,1.3124079,-2.3882668,-1.2519352,-5.0166335,1.0776298,0.2902013,0.13253856,2.2187233,-0.46456623,-0.055995688,-1.5336313,-3.599854,-5.522476,2.7703934,-1.4264634,-0.91952485,-1.1565381
Sample_93,-0.2538582,-0.992812,-1.5136135,2.1202135,1.2333946,2.950608,-1.2462388,0.33363864,-3.0386972,0.26605952,-4.2082014,-0.03295988,1.3087792,0.4352522,2.311379,0.18276095,0.16201127,-1.5177419,-3.912164,-3.776605,1.7952828,-2.0255978,-2.2029667,-3.1632223
Sample_94,-1.4035867,-0.7487274,-0.7640351,-0.58943,-0.47191477,-1.521008,1.3508825,-2.423272,-1.7332971,0.038197756,-3.0321586,1.0666621,2.025499,1.4356997,3.5120466,-0.93977815,-0.4847032,-3.9210505,-5.0198164,-11.6004715,2.682572,-1.5070764,-2.135737,0.034122944
Sample_95,-0.53709507,1.6268196,-3.4806209,-1.7728182,2.7819824,1.8732074,0.8550782,-4.110557,-1.8415688,-0.58743733,-2.938319,0.32930413,1.1062883,-0.1538508,3.9440546,-0.30749726,0.06198235,-3.1437354,-3.9542563,1.208785,1.0380002,-1.0123801,0.4645226,-0.86324424
Sample_96,-1.7935604,0.39520183,-1.2423114,2.6724014,0.17484403,0.4861411,0.81333745,-0.3960493,-4.372856,-3.2712612,-3.5240562,1.3089166,0.9652177,7.266398,2.954367,0.24512213,-0.563849,-2.3503869,-4.9454036,-5.986443,3.4446528,-1.8047603,-0.5347891,-2.6485558
Sample_97,-2.4725423,1.0632378,3.04636,-0.46231702,1.420784,2.8844633,-1.2086278,2.156878,-1.600432,-3.1663423,-4.0223274,1.3442559,1.7224745,2.709176,2.5741289,-1.2368519,0.05495715,-1.3164997,-3.2499943,-2.3843012,3.3981004,-0.44009167,-0.1960212,-0.8153198
Sample_98,-0.20513022,0.50994253,-3.748724,-0.30846968,1.7974042,1.4042838,0.79156613,1.353961,-3.2806635,-2.3207414,-3.8421764,-0.6154563,2.3912575,4.2065763,2.5329187,-0.47151,0.13477582,-3.4584289,-4.085425,-10.123519,4.556347,-2.2925024,-0.22927213,-1.7310284
Sample_99,-0.74667823,0.21289599,7.0750957,-0.8254302,2.0234592,3.003057,0.8274362,1.675997,-1.8626142,0.075422525,-4.1884108,0.6773372,1.9653345,-2.4957685,5.0911827,-1.0419136,-0.05971197,-3.699654,-3.8800452,-6.7029724,3.6416779,0.9607729,-2.7403438,0.018219471
Sample_100,0.07569194,1.2321478,-1.897995,0.24662545,0.7861955,1.7378188,-0.28872675,-1.655295,-2.7117739,-0.05351019,-5.7229996,0.44101992,1.5824215,3.4563193,3.1167958,-0.24316207,-0.47565997,-1.2849282,-3.4828506,-5.675325,2.732812,-2.4294,0.048983812,-1.7542195
Sample_101,-2.1773467,-4.2969484,-4.5502,-0.78504306,3.617087,2.4216132,0.20425716,1.4594727,-0.32986856,-2.3136146,-3.724605,0.8957647,3.979587,3.9130387,2.452406,-0.27163294,0.062321246,-3.574016,-3.6706388,-1.735204,0.44449663,-1.080699,-0.2970575,-0.7087538
Sample_102,-3.1276684,0.5117018,-4.0292745,-1.2193125,1.6698844,1.3409896,0.4651545,2.0991263,-3.2729044,-0.75446457,-5.07076,-0.03120464,-0.20658445,3.2068937,3.030611,-0.42147696,-0.57177234,-1.9890159,-3.5833533,-7.3392906,3.5290246,-0.65789056,-0.65732765,-2.3196979
Sample_103,-0.49548042,0.5954174,-1.9087574,-1.6215869,0.9272631,0.6510843,0.5498632,2.540635,-1.3221201,-0.9758221,-4.6675096,-0.2708847,3.9922714,0.051656723,2.1091275,-1.89517,0.35667813,-4.8802686,-3.0079079,-10.659353,0.5567287,-0.80377984,-0.047766447,-4.468769
Sample_104,-2.8532007,0.0011235476,-5.290732,0.8691155,-0.39664757,3.079659,0.35022822,2.0094151,-1.3470303,-0.10374892,-3.6407104,3.0956433,2.6622229,3.0487094,4.466369,0.21633875,-0.17185707,-4.0133643,-4.6189585,-4.589457,1.8423194,-2.939305,0.6924286,-0.76245666
Sample_105,-0.44783783,2.295339,-2.891748,1.9374117,2.4378033,1.7249217,-2.61981,1.6908841,0.14782834,-2.3381205,-2.9009485,1.9127784,1.2864051,-0.31972432,3.416881,-1.4915376,-0.7609918,-0.83265865,-4.6199474,-4.5888057,0.87828314,-2.3891242,-3.1248088,-0.48936743
Sample_106,1.00173,-0.525476,2.5210443,-2.4665914,0.6935373,5.9495616,-2.5141678,-0.5436181,-1.460864,-2.0228536,-4.0421443,1.3132197,3.8508096,0.42134523,1.2346208,0.6109709,-0.64618754,-1.3244718,-4.202989,1.2730122,2.7697115,-1.1877657,-1.4986303,-2.2652469
Sample_107,-2.4317188,-2.051901,-0.8179017,-0.901474,0.46626496,-0.68932366,-0.23448928,5.4053893,-2.4387918,-1.6837494,-4.2623544,0.6732731,1.7420673,-1.4129171,1.6651114,-0.3420152,-1.0749083,-3.121701,-5.397702,-5.779311,3.1869547,-2.0413523,-3.2089782,0.9822674
Sample_108,-1.319248,0.23112297,-1.8649967,-6.3190174,0.989257,3.5387082,-1.6513392,0.9631759,-2.68507,-1.9359825,-4.4146433,0.45368215,2.268511,0.07852912,4.5325418,-0.60862976,-0.15848541,-2.567114,-4.6505423,-6.6269665,0.6095464,-0.41932505,-0.4693082,-0.65956
Sample_109,1.168869,-1.3519459,-2.5846462,0.6566194,1.8006179,3.4386597,0.23902202,-0.27930287,-3.609877,-1.2947655,-4.047948,0.15463799,2.476907,3.307304,1.3081368,-0.61390054,0.5532558,-1.0541025,-4.2966795,-1.0525787,1.5032688,0.1999613,-0.54815716,-1.2995695
Sample_110,-2.9581218,0.25979474,-3.5591502,-2.6120589,-0.3389132,-1.5404981,-1.9536815,-2.626759,-1.1874689,0.45679533,-4.2421837,2.6074886,2.682193,2.295462,1.6681528,-0.5233925,-0.58462274,-2.5534706,-4.152927,-3.5480309,2.5948627,0.7416719,-2.1017516,-2.7508898
Sample_111,-2.346664,-1.3841397,-3.1397977,0.47267494,0.13807416,0.39493954,1.0420665,-0.093042776,-1.0895144,-0.1882838,-4.6916504,1.1801207,3.7231703,2.9553144,3.890249,-0.849186,0.21842071,-1.9990606,-4.2393055,-0.863677,3.622799,-1.7385596,-2.8776412,-2.0582416
Sample_112,-0.3455903,1.0167453,-0.8031106,1.8377659,2.1767771,0.12532032,-1.0409528,-1.5567639,-1.2390933,-1.8913279,-3.584015,1.6746329,2.851976,4.6529217,1.9080813,-0.22702476,-0.5786693,-1.9989138,-5.0874114,-2.4976385,1.4645829,-2.9512599,-0.37562037,0.77007496
Sample_113,-2.7724018,0.10188041,-3.6876202,0.1736466,1.2386656,1.7173464,-1.2391089,0.2718437,-0.95748425,0.5533533,-3.6704981,1.2384894,1.6359656,3.4520428,4.229563,-0.6790643,-0.7644161,-2.183185,-4.529537,-6.355356,3.4066906,-0.49282026,-2.0011492,-1.6666255
Sample_114,-2.3952928,2.4719398,-4.102653,-3.4272778,1.2292982,1.8308945,-0.48107758,0.3364696,-1.6622337,-0.8725646,-4.7517314,1.108966,0.48783076,2.5884042,2.5839517,-1.4612727,0.32573503,-4.5772347,-4.1423073,-4.3551893,2.9433312,-2.1272378,-0.7941692,-0.3084836
Sample_115,-1.857649,-0.6361609,4.7525105,1.0230168,-0.48000717,1.7837896,-0.37240446,1.7869828,-2.1566498,-5.4827366,-4.07098,-0.48042572,1.2573793,1.2940034,1.5215276,-0.24052209,-0.9628545,-4.6485767,-3.8350775,-5.4647765,3.531641,-2.9684174,-0.41263676,0.14978957
Sample_116,-2.3620605,-0.30552453,2.5923274,-1.0729862,0.8296287,2.8450568,0.4556252,-0.2508022,0.24825668,-0.5702588,-4.1752677,1.7553792,3.2982836,3.6716273,4.485085,-0.48382413,0.44578412,-5.921268,-4.335906,-9.318077,3.5330443,-2.8528323,-1.438484,-4.8370075
Sample_117,-1.3215182,2.251705,-2.1200128,0.34825048,4.1673183,4.421363,-5.3599772,-0.14287224,-4.055847,-1.304513,-4.2231984,1.6846175,4.60771,2.4278383,2.381381,0.42218202,-0.501867,-3.4892182,-3.5908728,-2.161159,2.3665512,0.7489824,-1.1432803,-1.5888664
Sample_118,-0.5220743,-0.78447896,-5.1777573,2.213816,1.6091275,-0.7933357,-1.6441594,-2.3571606,-4.4053516,-0.29157233,-3.8364582,0.9983057,2.3347921,0.36266375,3.9706483,-0.16314268,0.8222519,-2.502529,-3.2164853,0.14814329,2.282172,-4.1067185,1.0652784,0.8691181
Sample_119,-3.1457143,2.5878618,-4.039094,3.752073,0.4615904,4.362825,-0.21436965,1.2346979,-2.6985128,-0.16903567,-4.0406528,-0.62707657,1.5224674,-1.3844752,3.809523,-0.76033044,-0.02619332,-1.0034531,-2.5895722,-9.267309,2.2120643,-0.03890848,-1.2555166,-3.0127077
Sample_120,-0.9902233,-0.98571265,-2.9623253,1.3400023,1.8343596,1.0227654,-1.593608,0.25112143,-1.5939572,-2.472268,-4.557039,1.5463362,2.7494435,0.98078454,2.892412,-0.26267374,-0.14558078,-3.8329597,-4.4861164,-2.3679636,3.8034353,1.0410899,-0.32957405,1.3255742
Sample_121,-0.597471,0.2617819,-1.0102799,-1.4302362,2.4667473,1.0080149,0.34745207,0.15138422,-1.2253827,-1.5471152,-4.0603356,0.54434294,-0.15198708,2.4724865,2.1280026,-0.59206015,-0.41187245,-3.6076348,-3.710145,-8.425156,3.4222028,0.63504136,-1.9414163,-3.133042
Sample_122,-1.8596274,0.7576686,0.40105772,-2.9653847,-1.4076699,0.68870336,-1.5237341,3.1342108,-2.296041,-1.6243672,-4.6714134,0.46638045,2.0938144,1.302781,2.3651175,-0.83974016,0.26819003,-1.7102449,-3.7192912,-9.453518,3.223198,-1.4289495,-2.483096,-2.064563
Sample_123,-0.13972521,-3.0729444,-1.2167732,-1.4084977,0.18845117,5.4546504,-1.1914893,-2.2131069,-2.5845385,-0.9078568,-4.275924,-0.37848377,0.92096734,3.456633,1.8214602,-0.75023794,0.28581813,-2.0628595,-5.269555,-4.6055684,3.5301518,-0.9220778,1.4351182,-0.9139294
Sample_124,-1.7000593,-1.0342319,0.8100258,-2.1928167,1.1394936,-0.40039766,-0.50702286,0.73709613,-5.0224495,-2.1006436,-4.539836,1.7398653,1.687731,2.518099,2.701905,-0.57897043,-0.36349732,-2.5477154,-3.533116,-1.1318831,3.60317,-2.870221,-2.6559863,-0.7586304
Sample_125,-1.2159903,-1.5903907,-0.4814657,-0.49522376,2.2248385,5.4294662,-1.1155561,0.950733,-3.0944386,-0.8593133,-4.1545773,0.62546265,1.7399102,-1.4473565,3.253719,-1.6134082,-0.23232207,-2.503522,-4.061687,-12.607171,4.1646705,-1.6745718,0.6261809,-0.6105519
Sample_126,-1.4664605,-3.585698,0.11971128,-3.540803,1.9039611,2.8918586,-0.27790064,-3.191189,-2.3345912,-0.43749535,-3.5783648,0.30451566,3.0399146,0.45902765,3.4645195,-0.059424758,-0.13810334,0.07408714,-5.349656,-5.9486527,2.5417297,-1.4161904,-1.437785,2.3422027
Sample_127,0.60703063,-1.9373496,-5.7280426,-0.58954144,-0.25460994,1.1300576,-0.6098773,-1.4318194,-3.3632107,0.0040882826,-4.8262773,0.6830301,3.735229,2.7343545,1.408237,-0.6180349,-0.99179924,0.03166318,-3.5958672,-6.360389,2.762051,-0.5771542,0.12160158,-1.3391341
Sample_128,1.9011604,-1.543241,2.2026887,2.3259184,0.48683053,-1.1302048,0.78398716,-0.36243057,-3.216629,-0.2882558,-4.610588,1.0154357,2.7102685,3.1935143,4.179343,-0.7859628,0.42606884,-2.0060947,-3.356066,-8.768091,1.6244795,-2.5377908,-0.23135817,-1.7083601
Sample_129,-1.73238,2.2961996,3.867446,-2.3765118,0.010250926,5.2176633,-0.8540671,1.2425716,-4.1681495,-1.8878164,-5.392255,2.5534427,2.0790472,9.517559,2.5180492,-0.21615902,0.64964193,-2.8678606,-3.8034728,-6.4172845,2.3252945,-1.8234727,-1.5176122,-2.3607001
Sample_130,-1.991234,-0.03696226,-4.863965,-2.5465739,-0.3457687,2.4629188,-0.93493414,0.24351063,-2.0842092,-0.11892784,-3.0258036,-0.2354917,1.8168318,6.9739137,4.375046,-0.59565586,0.37633047,-3.3424397,-1.8038206,-6.5157,1.2035894,-1.6612918,-1.3946617,0.6045526
Sample_131,0.5293225,3.0783987,0.8117057,-1.5915245,0.0015234947,1.1004806,0.19075122,0.5651274,-1.444097,-0.8302434,-3.9346168,2.3968556,0.60122883,0.7540053,4.38469,-0.87691826,0.5816278,-3.2187855,-3.8807213,-4.3956404,3.9359355,-5.1405954,-2.8538277,1.5189397
Sample_132,-0.29620355,-0.997146,0.07648289,2.4970407,3.1095839,2.1312943,-1.0305653,-3.4680927,-2.2026286,-2.9503822,-3.9609551,-0.023301959,0.14614177,2.8152547,3.6893244,-1.185622,0.7190368,-1.8714356,-4.908497,-3.0778172,1.9629745,-0.68781346,0.3949262,-0.8797163
Sample_133,1.4632057,0.84547305,6.008715,-0.99232376,3.0327508,-0.6078228,-2.61627,-2.1498935,-0.8557837,-0.39308834,-3.602666,1.4538636,1.9962641,1.6036726,3.0281126,-0.40306965,-1.2788752,-5.6721344,-2.1295252,-6.4684057,0.52665865,-1.112889,0.42213643,-0.8839159
Sample_134,-0.4509821,0.5540839,-4.2422996,-0.5645407,-0.9459262,3.0814826,-0.11877072,1.6285877,-2.9982655,-0.70904773,-3.3607523,0.86690503,2.5673256,1.3449003,2.9503386,-1.1159158,0.04572478,-4.545357,-2.7962804,-5.5596757,3.2392569,-1.1055658,1.0440745,-0.58139664
Sample_135,-1.6921442,-2.6152577,-1.0617797,0.56815934,1.0560435,5.6284137,1.406753,-1.6192335,-1.8154206,-2.1345267,-4.7297935,1.1593975,3.7638083,2.9218006,4.132035,0.22073531,0.10102454,-3.3040113,-3.701464,-8.318376,0.71917284,-0.7258955,0.40983903,-1.3829587
Sample_136,-0.39122993,-0.5363089,3.6807845,0.837772,3.2847857,0.4926443,-2.0015697,-0.9717125,-1.1137428,-1.6365116,-3.9687834,-0.20803404,4.1627417,0.8096111,1.7190529,-0.38123125,-0.017473802,-1.9215496,-4.378754,-10.665575,2.1077185,-0.42239153,-1.3176265,0.16812706
Sample_137,-0.6961626,-0.36718574,-0.6856142,3.3573654,1.7434433,5.3172774,-1.9037524,1.2182994,-2.023816,0.35033977,-4.543439,2.4018736,2.7099943,3.5165896,1.7920719,-0.5618939,0.1677725,-0.87806726,-4.5317636,2.2667532,1.4860656,-2.3420227,-1.322069,-1.3200204
Sample_138,-1.0035872,-0.18984905,-4.7763133,1.2682376,3.1097605,2.4650683,1.8227816,-0.9064055,-1.4290363,-1.9757632,-4.441229,1.0268455,1.6837307,-2.3778486,4.0338607,0.9649963,-0.77435505,-2.8598528,-2.912727,-9.792522,2.252059,-0.4656248,-0.85743546,-2.6581073
Sample_139,-1.9203207,0.8089601,4.87977,-0.5854817,1.9192278,4.2921968,0.048781753,0.1548708,-2.5669463,-0.8995192,-4.1109333,-0.10090721,2.1139407,1.3459998,2.6887004,-1.7031827,-0.11558051,-3.9611707,-4.253247,-5.9852395,1.9818448,-1.903918,0.6302624,-2.3808997
Sample_140,-3.3335676,0.8916786,-2.1554878,-1.978342,1.3168197,1.0826136,-1.0419688,0.34623408,-2.4971416,-1.6981668,-3.3145895,2.7041962,1.0815046,1.2105145,2.9098742,-0.5350415,-0.7345625,-3.4261165,-2.810586,-8.649986,3.061391,-1.884765,-2.194317,-2.0129972
Sample_141,-3.0721378,0.33971655,0.1753949,0.78096986,1.9920974,0.93648183,-0.7937544,2.5806673,-1.1838806,-0.3176899,-3.03719,-0.022600234,1.3568392,1.6393051,3.5467784,-1.1225648,0.15119863,-0.6812725,-4.287804,-9.444254,3.8475285,0.9088205,-2.9148898,-2.0256288
Sample_142,-1.2598403,-1.9969972,-1.5143065,-1.0054016,3.305737,1.8291808,-0.14612797,-0.09146932,-1.1114436,-1.7558768,-4.05068,1.4649312,0.14857829,3.0845006,4.617358,0.08076739,-0.3339407,-2.30995,-4.2800364,-5.625217,0.63015544,-1.546011,0.9319687,-1.8049593
Sample_143,0.5970981,-0.90399456,2.2230878,-1.808172,-2.0683491,2.7554703,0.09525365,2.1163702,-3.4516003,-1.3141757,-2.491733,-0.8050596,2.0793133,1.3280561,3.5964634,-0.16209656,-0.909826,-3.497618,-4.941748,-4.5868235,1.4654793,-1.6719706,-1.4572566,1.0272303
Sample_144,-0.16518962,2.2673774,-4.775105,2.588771,1.5864035,3.769976,-0.49242002,1.2044564,-4.2495255,-2.2832851,-4.56028,0.9895652,1.743218,2.6210208,3.3078525,0.30510885,-0.02970735,-1.5324197,-4.8328037,-4.264935,0.23450792,-1.7948022,-1.115908,-0.24320704
Sample_145,-1.2269158,-1.4661357,3.045592,0.76861227,2.086882,3.1454134,0.44954532,1.079011,-2.712586,-0.46402383,-4.520897,-1.0948405,1.6889455,-0.41754627,2.8953986,-0.9191717,0.30088452,-3.1099224,-4.0824776,-10.279985,2.7129219,0.23170197,-0.9596274,0.029444218
Sample_146,-1.1724933,1.669749,-5.621764,-3.9555945,1.3244027,0.71086067,-0.60499114,-0.83691704,-0.71632016,-2.3938994,-4.3677044,0.666782,3.496736,0.27796245,3.0060387,0.01569736,0.06546062,-1.9603653,-5.023365,-7.9352646,3.4864168,-0.23736322,1.3837435,-0.39461505
Sample_147,0.10468137,0.19977862,0.76809204,-0.35255802,-1.5032225,2.6540997,-2.4186387,-3.0423148,-0.46870375,-2.090708,-3.6266093,2.274018,4.4367924,3.3248026,3.6166759,0.21773481,1.0625345,-3.5387259,-3.654738,-1.563637,3.8952541,-0.32957387,0.18395579,1.5825813
Sample_148,-1.3027538,0.38630646,-5.177286,-1.428838,1.1388912,-0.19968903,-3.4690099,1.4248052,-3.4246006,-2.7947395,-4.311356,0.33281752,-1.0819137,-0.16754627,3.6882875,-1.1629889,-1.3310636,-2.7619557,-2.991459,-0.5725579,1.7197112,-1.057186,-1.3736128,0.40193927
Sample_149,-3.2762985,3.184403,-0.5651368,1.7959666,3.0238628,4.1621313,-1.1916128,-1.6019584,-4.239376,-1.7155353,-3.4762552,0.93592817,2.853596,-1.9451346,2.4693222,-1.6211133,-0.25034958,-2.9112246,-4.012359,-0.3760624,1.754038,-1.741571,-1.1707923,1.4736484
Sample_150,-1.9396992,1.1424081,-5.031524,0.20156953,0.16145575,1.0653061,-1.5738829,0.06695993,-1.2706968,-1.3836706,-3.7073216,-0.86098236,3.711885,2.513296,5.1850004,-1.1453283,0.05848643,-0.8358989,-4.7725544,-3.2211618,1.2104557,-4.677859,-1.2269564,0.8102119
Sample_151,-1.4409114,-0.13816117,3.50607,-1.2754207,3.555801,1.4835958,0.5577959,2.5609398,-1.9154117,-2.7471962,-4.5027485,-0.1400134,3.217085,2.640047,3.7701993,-0.05468762,-0.4975128,-1.62237,-2.6985593,-1.2812381,3.2592237,-2.1666293,-0.89475894,-2.0208406
Sample_152,-1.4433078,3.2205274,-1.6413763,-1.0455749,3.164066,4.438206,-0.82333696,-3.2219229,-3.8569067,-2.8239174,-4.7417474,0.9959208,4.0344725,5.374237,1.810563,-0.053694725,0.53196025,-2.0986273,-3.96502,-0.5688224,1.9654843,-1.9543234,-1.4207463,-0.9079167
Sample_153,0.36084855,0.38567036,1.7719775,1.2985107,-0.68783045,2.0085018,-1.571302,0.24145411,-2.1284342,-2.5978522,-3.7771702,1.0290395,3.0816865,2.291822,3.5033746,-1.3783019,0.045293704,-5.0925226,-4.1728387,-0.610003,2.7396917,-3.5656638,-1.6686103,1.302833
Sample_154,-2.3771045,0.8507495,-3.336934,1.144715,-1.3745072,0.59716153,1.3690068,-0.5395428,-1.7284808,-2.450866,-4.658775,-0.93386465,2.4379764,3.0888462,5.0625143,-1.088199,-0.42260182,-2.2745452,-4.6043143,-5.905849,2.0205233,-1.8310986,-2.0787694,1.973476
Sample_155,-1.3365395,-0.518334,-4.014224,-2.4527893,0.46990895,0.8078595,2.417708,-1.9719769,-1.6024979,-1.0120678,-4.4331656,0.6128677,2.579684,1.2143676,3.307198,-0.629952,0.012816921,-1.7663144,-4.6186595,-3.1736555,0.6694751,-0.0791893,-1.4270276,-1.32587
Sample_156,-2.0021558,0.9760509,0.4439323,-1.1041389,0.30894214,0.8101021,0.5548891,-0.13405865,-1.3275181,-1.5050164,-3.3859906,1.155725,3.188949,5.360671,3.0800214,-0.703784,-1.7139094,-0.6415731,-2.8115582,-9.497536,0.19058633,-2.3666978,-0.96915203,1.5846606
Sample_157,-2.4217355,0.63572276,-2.5564013,-0.19768551,0.8445443,2.7658286,0.87234545,1.1828779,-4.256383,1.313533,-2.8800704,0.46248853,3.93747,4.3231015,3.8710134,-0.6608513,1.2287471,-0.56030536,-3.032032,-6.279072,1.1544101,-5.2706995,-0.5570793,-3.2520804
Sample_158,-1.0824037,0.6370482,-3.0896573,2.9998624,0.16203213,2.5177217,0.0155287385,-0.28348213,-1.049222,-1.6342283,-4.3851347,-0.5571695,1.8579841,0.4650607,3.5978882,0.068582594,0.9308188,-2.699326,-2.7298937,-4.6115403,2.9579926,-0.9746695,0.012789965,-2.2717981
Sample_159,-1.3460684,-1.0293373,1.4244584,-0.67618614,2.71799,-0.17936683,2.5803843,-0.39046767,-1.4097569,-1.6733402,-4.2984,0.51902014,1.6390415,1.2970753,1.7563874,-1.3049024,1.1886101,-1.6847794,-2.5029254,-4.5514197,3.0858674,0.22133231,-0.44456238,-1.1992142
Sample_160,-1.6112181,-1.051552,-1.5598702,-5.4171643,1.6996337,0.24530578,-2.5557072,0.18546677,-1.7456639,-1.1501596,-3.360354,-0.6798998,1.8560629,3.9152694,5.0517483,-0.7125473,-0.15607251,-2.0974078,-5.1802006,-2.394657,2.1067982,-0.03492534,-1.6498843,-0.9346322
Sample_161,-1.3498174,-0.42757946,2.3508248,-2.1483915,2.1532888,4.388625,-1.7517731,2.757735,-0.9033253,-2.4425845,-4.7877865,0.90690315,2.0380774,2.1197612,2.0752358,0.15834957,0.13686648,-2.8671355,-4.4273453,-3.9474092,3.4556918,-1.3383099,0.38951433,1.3256882
Sample_162,0.035073996,2.1554809,-3.3771715,-2.566227,1.9816506,1.8439945,-0.8242649,0.8625646,-2.7082753,-2.6714735,-4.076831,0.4378291,2.2357628,6.3441133,4.3238955,-0.78255093,0.16386431,-2.379773,-4.1510787,-7.2164392,1.4892936,-0.6366196,-1.9009075,-0.49809164
Sample_163,-2.8556924,0.40811145,-1.2277662,-1.1455866,0.17813468,2.6419418,-0.9319998,2.6152596,-2.8244464,-1.1729327,-4.269595,0.68550414,2.9945502,4.2844033,3.8486564,-0.4800096,-0.7517717,-1.6477785,-3.9343295,-1.2631464,2.1978915,-3.7446384,-1.4980177,-0.16839856
Sample_164,-1.2223989,-0.0034386963,-1.7001302,-1.6300282,0.011469245,5.1164107,-0.8622786,-1.2433432,-2.1066427,-2.0108418,-4.1412697,-0.64017004,-0.10565686,3.1308613,2.810547,-0.35361996,-1.0597422,-3.9891968,-2.5288262,-10.412743,3.955453,-0.6395033,-0.78262085,1.0748237
Sample_165,1.9549735,-0.29049975,1.4723336,-1.0679662,3.3882704,4.8422794,-3.3184295,4.6383853,-2.2455845,-3.9665155,-4.0095515,1.0055506,2.7660577,2.8888443,2.405955,-0.6111023,0.34824526,-2.8827941,-4.5136013,-6.4324613,1.556499,-2.5323784,-0.30403048,-1.2282345
Sample_166,-2.9051692,0.18588808,2.1220222,-1.0130051,-0.117685795,-0.19188154,0.04627049,-3.9215002,-2.74559,-0.20713162,-4.1727405,1.9785883,2.5758822,0.27557588,3.4325037,-0.86114055,-0.43289843,-3.1437836,-3.4740021,-3.6992402,1.0175232,-0.21878695,-2.097543,-1.9417703
Sample_167,-1.7167585,1.6358414,-0.34682906,0.62783146,0.70111066,1.9010396,-1.5950806,1.1318274,-1.9646411,-0.44405514,-4.3997917,0.6195514,1.5597628,4.2517815,3.9583607,-1.4762316,0.21141082,-2.2042832,-4.563942,-3.3384085,1.6724021,-1.5537033,-0.71800655,-2.033175
Sample_168,-0.5403044,0.13312629,-1.8031552,1.7948284,-0.4099182,2.3377287,0.80560684,-0.6830957,-3.818339,-0.99452627,-3.197006,0.61674976,2.6985762,1.1523327,2.9382772,-1.4488114,-0.6290401,-1.9859996,-3.8089857,-0.5467415,2.7307916,-1.9377437,-2.7263193,-2.7473116
Sample_169,-3.810001,-0.6922686,0.4300903,-0.10764724,-1.2410415,-0.09318733,-2.2631464,-1.0375013,-2.7474952,-2.799531,-4.29144,-0.050956488,1.3416581,2.5877898,3.2153792,-0.20898092,-0.48464724,-5.2805247,-1.6432991,-7.794199,3.162766,-0.91903377,-1.3755442,-1.7349885
Sample_170,-1.1466072,0.072451375,-2.7310052,-2.1281953,1.403618,3.0707083,-1.8502393,-2.3049982,-3.3615239,-0.610967,-3.7939851,1.2758727,1.7987417,2.5020227,4.955052,-1.764848,0.5196049,-2.7058487,-4.245162,-4.558461,1.053213,-3.1463099,-3.0422063,-2.7620416
Sample_171,1.0557748,0.34155717,0.3046962,-1.5594308,2.9147863,3.4409194,-1.4036419,-1.0968932,-1.1233133,-1.6555009,-2.794672,1.1475942,2.4459186,3.9894555,2.8127785,-1.2780309,0.54472363,-0.5356636,-3.8217952,-7.673725,1.4788162,-3.9391012,-0.6260151,-0.837458
Sample_172,-2.437176,1.2215604,5.644689,2.4749036,1.18843,-0.48958027,0.9566171,-1.5397743,-2.4441278,-3.032761,-4.6552315,-0.54787934,0.49286056,1.0947689,1.7355978,-0.640564,0.16675133,-2.4495196,-5.2361255,-4.165493,1.0823252,-2.2250135,-0.94155264,-4.4139175
Sample_173,0.26814878,-3.223073,-2.0401762,2.4559987,0.8155863,0.37115026,-0.29531074,0.36495697,-3.4594636,-0.023026109,-4.828076,-0.5212366,0.18802238,5.224347,2.3255186,-0.5994918,0.12122205,-5.2908154,-4.1023965,-8.441534,0.75402975,1.7464011,-1.0521891,-0.74991345
Sample_174,-0.02042687,-1.3990493,-5.712294,-1.5451193,-1.1305676,1.9800315,-2.5550163,-0.5774976,-1.5085112,-2.665946,-4.8093615,-0.53838855,1.0461081,1.9938428,1.2746986,-0.28867298,-0.15669096,-1.3793212,-4.7357516,-2.8143835,3.3849418,-2.4793286,-1.0425682,-3.516277
Sample_175,0.60079086,1.5709836,2.7432573,-0.8625557,1.6117165,2.6002936,0.9396117,0.194321,-3.6980448,-3.5076966,-4.090821,-0.3538667,3.519793,3.0492213,2.379635,-0.72360575,0.17086607,-2.4579346,-4.365279,-7.5681725,2.239317,-1.3530049,-2.0676942,-0.7222301
Sample_176,0.7940496,-0.78013015,-4.0419483,-0.57498056,2.1698515,2.7159944,-0.13020128,1.9646349,-3.2837658,-0.33454347,-4.4125767,1.1566201,2.615593,4.983574,3.4541214,-1.443362,0.25651664,-2.5716603,-4.396695,-5.9510913,1.005491,-2.3813272,-1.9097631,-2.9878163
Sample_177,-2.0632915,-0.78426814,-1.5796943,-0.42437083,1.2237662,-0.4853629,-1.5655141,-0.46448156,-2.569455,-1.6372532,-4.558161,0.52666926,1.98938,2.16959,3.1289809,-0.6903578,0.45983276,-2.3096466,-3.1961634,-12.318325,-0.24420047,-1.4590971,-2.2919278,-1.7134032
Sample_178,-2.9188352,-0.18153629,2.403051,-1.9637517,1.5645553,-1.4702986,0.71669066,-0.54474485,-3.871558,-3.1615682,-4.4937506,0.96296895,2.744693,5.158621,2.706321,-0.10319775,0.9353843,-4.6358967,-4.557931,-6.377511,2.8074982,-1.2716866,0.27020288,1.3627518
Sample_179,-0.6580118,-0.91847354,-0.7319988,0.20247367,0.090207934,1.627474,-0.7701793,-0.558056,-2.0460017,-2.1236353,-3.8448884,2.1355076,0.77773905,2.7538216,3.3028638,-1.5629333,0.11813152,-2.3942163,-3.3371537,-3.7809777,0.43415868,-0.50621545,-2.0421622,0.5386759
Sample_180,-1.7208519,2.3487763,3.497672,-2.696985,2.3990934,-0.947809,-1.4304624,-0.7851371,-2.9485292,-3.638916,-4.365344,1.3738132,2.8351374,1.8432021,2.873061,-0.29418513,-0.04874973,-3.111453,-3.9059596,-8.207014,3.147246,-2.425354,-1.5746282,-0.85312665
Sample_181,-0.95383525,-1.5290793,-1.0061872,0.028318286,4.1999197,1.7748097,-1.4307853,1.4051771,-2.5579422,-1.6108916,-4.333479,1.2805382,3.5861983,-1.4670038,3.3727138,-1.7770545,-1.2063789,-2.0427592,-3.0198143,-1.4748359,0.078060865,-1.4006989,-3.0102758,0.76664114
Sample_182,-2.3458927,-1.7340115,-6.983734,-0.54781854,0.39478993,5.3470626,-1.2144185,-3.8371544,-1.5318145,-1.7342948,-3.710306,-0.19165921,3.9072533,3.919588,3.6102448,-0.23054034,-0.31614393,-0.12029147,-3.7249768,-1.8181939,1.6782198,-1.3742213,-1.0079169,-3.7587433
Sample_183,-0.55470526,-2.5022657,-0.56751835,2.6276014,2.8799615,1.591683,-1.1838717,-0.37305972,-0.92234504,-0.9422903,-3.8161788,1.4856884,-1.9240601,1.4236097,3.1363163,-0.26429462,-0.3205114,-1.9869287,-2.4093764,-6.973671,1.6180811,-0.52723986,0.47443283,-4.4934
Sample_184,-0.74884367,-1.5628772,-3.6094863,-3.1935463,0.3049898,3.5920901,-0.316987,2.3226693,-1.854728,-2.77533,-3.5899708,1.1593431,1.2626512,0.07002473,3.4993618,-0.009416461,-0.3775915,-0.8765427,-3.5664754,-5.6612153,2.2446473,-3.1970387,-1.883293,0.4440453
Sample_185,0.32534456,2.6506019,-2.4358163,2.7396765,3.2456222,1.5271147,1.3219408,-1.2545655,-3.201106,-1.0652523,-3.4523664,-0.14418155,1.169646,3.3867278,2.227482,-0.13491568,-0.33136147,-3.0435066,-3.5863147,-5.580099,2.1183276,-2.4077582,-0.790769,-2.2933106
Sample_186,-0.7327777,-1.0055283,-1.4324105,-1.4299765,0.3850528,1.2245586,0.44156513,0.65794003,-2.7078562,-2.5165696,-4.7274594,1.1268795,3.8024204,3.5175319,1.8620481,-1.2768465,-0.014335774,-3.4408617,-2.4696114,-7.61862,0.49339688,-1.4722838,-1.3790724,-0.22832954
Sample_187,0.22899055,-1.6069275,-1.0326902,1.4903167,0.4932276,1.0364155,-0.4197558,-0.39224243,-3.6103482,-2.3336096,-4.603593,1.5655437,1.4117422,0.71471334,3.751191,0.61487615,0.8786696,-0.23682022,-4.7056284,-17.999578,1.1344682,-0.39296812,-0.84153485,0.74391615
Sample_188,-0.79560685,1.7340627,2.7566676,1.2600365,1.3049823,3.1995802,-0.1731694,2.7219064,-2.3024957,1.4601258,-4.594125,0.84317833,1.5295615,7.7835855,2.1163352,-0.13313901,0.8811333,-2.136865,-4.1497355,-9.463495,2.6339111,-0.75044054,-4.0873585,1.0575818
Sample_189,-3.3117342,-1.4403461,5.1596794,-1.929873,2.709805,1.4604347,0.114646584,1.0470476,-3.1088355,-0.8770549,-3.442285,0.87693554,1.5634348,4.417071,3.3139696,0.39946157,-0.6108242,-3.2250571,-4.3483095,-4.7042656,3.2344885,0.519678,-0.85935605,-3.2455406
Sample_190,-0.8731849,2.2892904,-2.096896,0.74308085,1.2134653,1.71267,0.32124668,0.25668594,-3.040151,0.17869723,-3.3073301,1.9657567,1.8952214,3.5278258,1.0660621,0.8623385,0.25464988,-3.8448892,-6.025662,-1.3156128,1.6326742,-1.7699378,1.857954,-0.1396591
Sample_191,-1.3061024,2.1544435,-5.194988,2.2680557,2.2728615,1.2315569,-0.33009827,0.6166482,-2.6246016,-2.4351683,-3.3171234,1.0247968,-0.017650843,2.4397871,2.6434028,-0.014605343,-0.724095,-1.3966709,-4.7142725,-1.6503932,3.7316654,-3.0810509,-1.1762685,2.7651362
Sample_192,-2.4932284,0.48739296,2.056305,1.96787,1.4954789,0.30031848,-0.64710855,1.1407073,-2.9978898,-2.7802176,-3.0810938,0.8895883,0.6128924,4.9402547,3.5788434,-0.41805652,-0.5866303,-2.0213516,-3.8609374,-2.963604,2.2819142,-2.3815203,-1.7053542,0.74233305
Sample_193,-2.7878096,-1.4155152,-2.971696,2.1554549,4.0444283,5.389843,1.8388631,3.184179,-4.7283,-3.0804415,-3.6184742,1.5538113,3.3103428,2.2179873,4.2547913,-0.85104465,-0.627767,-2.7122605,-1.8402421,-5.8733697,0.78122354,-1.2896626,-0.3858614,-0.84418356
Sample_194,-1.8715618,-2.3843355,0.61997557,-2.5619574,3.4936702,0.2811842,-0.7461306,-1.1579255,-4.4579215,-0.49258006,-3.0797808,0.03928429,1.8683177,-0.24058294,4.7050476,0.14551741,0.43381438,-3.6231775,-3.868517,-1.1499848,1.8355986,-2.9427161,-0.2082771,-1.6752584
Sample_195,-2.5940757,0.8143251,1.1146867,-1.3716725,1.7879896,1.2987208,-1.1345862,-2.3554702,-3.6646228,-1.4738418,-5.2146215,-1.382623,1.2983,1.1537373,3.9196053,-0.9149939,0.039752126,-1.5101079,-3.884489,-8.742929,3.266325,-0.22281921,-2.3167,-2.0710437
Sample_196,-1.1176236,-0.84079087,2.830365,-0.6035574,-0.71058834,3.9742274,0.36049083,0.3355788,-2.6401916,-0.06815517,-5.182637,0.5339796,2.5889318,1.5871032,3.312098,-0.5267059,-0.7125735,-5.332275,-2.8610792,-1.0553923,1.911426,-1.5330607,-2.148274,-0.6535118
Sample_197,-0.5670231,1.0806813,-3.7145123,-2.1850584,4.8316064,6.9609547,-1.0286013,2.263304,-3.3820043,-1.6462622,-3.279263,-0.7816793,3.2287521,6.046592,1.8516175,-0.33014935,-0.49340987,-2.5008788,-4.534606,-4.1447573,3.7972484,0.03685963,0.67197037,0.12763095
Sample_198,-2.5267034,-0.032228477,-1.227915,-1.4985716,0.9201757,0.7186131,-1.2140957,0.6091656,-1.0644944,-0.3530619,-4.2187967,-0.6438846,1.4341316,8.076072,1.7244737,-1.2110126,0.50358176,-2.437972,-2.8131683,-10.304967,3.3777018,-1.3057958,-1.2976542,-1.4270829
Sample_199,-1.8415914,-0.46949223,4.057627,-0.8179635,1.5461335,-1.9145008,-3.1720815,-2.5930674,-4.51675,-1.1335055,-3.7497911,1.6188483,1.5092018,5.1150746,1.4854982,-0.03909135,0.13502158,-3.0937657,-2.1978369,-4.758228,0.58962226,-2.762999,-1.5815549,-0.50073785
Sample_200,1.3724217,-0.89871866,-2.6677957,-3.5162954,0.6801629,2.5234094,-0.2656785,-2.7213469,-2.9138203,-0.5537926,-4.567151,1.1185843,1.5889417,0.2870202,3.985053,-1.1651001,0.5430943,-1.7936964,-3.8177924,2.0349684,1.4258434,-1.714488,-1.9960546,-1.4213648
