,z1,z2,z3,z4,z5,z6,z7,z8,z9,z10,z11,z12,z13,z14,z15,z16,z17,z18,z19,z20,z21,z22,z23,z24
Sample_1,-1.7673578,-1.7057445,0.8088063,-1.7398056,-3.6783347,-2.60262,4.215287,-2.4491405,-2.4225645,-3.963187,-5.5950985,1.2925179,-0.18136229,6.0109963,2.3610737,3.5375617,-2.7075512,0.46528494,-2.6397014,3.647094,-6.0712576,-0.13007641,-0.84349346,-1.4398482
Sample_2,0.10270089,-3.0993128,-1.17962,-1.3945153,-4.7547107,-2.8233519,1.8350116,-2.9232807,0.22549093,-2.9303708,-4.9152637,0.9528947,0.16008836,-2.8384738,3.215156,4.3038044,-2.8777242,-2.0201836,-1.878547,1.1262236,-2.7350192,4.9047346,-0.45072412,-1.6399692
Sample_3,-0.30050945,-0.4026231,-2.1958182,-0.19158804,-3.5096695,-1.4522498,6.3666625,-4.4674945,-0.9192065,-4.6714735,-3.105011,-1.2536435,-2.1429358,0.6891598,1.2417746,4.9313054,-0.89845896,-0.9581702,-1.0993265,1.1175034,-1.7792107,-0.57776856,-1.5795398,-0.8900471
Sample_4,-0.07428092,0.53165257,-1.5182519,0.8535116,-3.9997613,-1.8595402,3.1598423,-3.9078162,-3.2520113,-4.327043,-1.0716035,0.07886639,2.230387,-4.4033566,3.5162945,3.047502,-1.7258406,-0.55261487,-0.02648604,-0.2814715,-1.2272835,3.811624,-1.1433209,-0.29106563
Sample_5,1.0259988,1.090287,-1.4982386,-0.90260917,-5.2425685,-1.365274,-1.1087339,-3.289132,-1.0523661,-2.590353,-2.153954,1.9155301,-0.9029424,0.21023342,5.0496492,5.858161,-2.5549607,-0.8995466,-1.8510995,3.5318372,-2.4893894,4.210272,-2.602603,-1.5899988
Sample_6,-0.40189505,-4.4945107,-2.6539972,-2.6987276,-4.803049,-1.7373862,-0.054896712,-4.1256084,-1.5061567,-2.80771,-5.4508243,-1.3048651,-0.8119496,-0.6500361,4.2724924,2.888107,-3.0119305,-0.9702198,-1.8431203,4.77417,-2.6211367,1.7472318,-0.8094467,-1.3261318
Sample_7,-2.4917192,2.4447494,-1.9746444,-1.1321043,-6.034307,-2.1612775,-2.9375494,-2.7378747,-0.77313375,-2.023388,-2.4072857,3.8013003,0.21421537,-2.6952586,2.8233943,4.77012,-2.9572742,-1.5642223,-0.71615416,4.7888865,-2.9755886,-0.6384001,-0.9702194,-1.3450251
Sample_8,-0.7436527,0.5423347,-2.5954912,-0.38569695,-4.8293834,-2.3445795,1.4006451,-4.402283,3.5829754,-2.401574,-2.684189,3.394114,2.3777175,-1.617281,6.2706766,7.6865163,-3.0634196,-2.5064988,-2.6736238,3.729532,-2.28184,2.5228362,1.3916205,-0.52140003
Sample_9,-1.5713539,-0.267555,-2.4723766,-0.93626827,-4.6070557,-1.8671163,2.798104,-4.6117816,-0.7170347,-2.856864,-5.7492166,0.5287796,0.096508,0.0916808,3.6682684,4.7441144,-2.608045,-1.0990307,-0.9846271,2.8451736,-3.3329003,0.5727129,-0.26833642,-0.22906339
Sample_10,-0.15781313,0.3634783,-0.5467958,-2.8247604,-4.5464315,-2.5769277,-3.0371218,-4.2795534,-1.1732442,-3.0815666,-3.2921307,-0.38031405,-2.6663644,2.811298,4.855089,3.7310069,-1.0429404,-0.8405175,-1.3672906,2.2017958,-4.6741495,1.2949214,-2.9499245,-0.24541509
Sample_11,-1.3361623,-2.36099,-0.96334505,1.0564866,-3.4521878,-1.3457654,0.95525634,-2.9346995,-1.5891622,-6.007599,-5.342963,1.2090125,0.9114728,-2.4948964,2.5919309,5.6529818,-4.9400196,-0.8901228,-2.06209,4.7837634,-3.7744713,0.835954,-0.019261122,-0.91551864
Sample_12,-2.011002,-3.5650191,-2.050692,-2.9698033,-3.4794955,-1.7921226,0.20646639,-3.437445,-1.7688133,-2.400898,-2.6173701,1.2496152,1.466506,1.6865425,3.651566,3.2274296,-2.3619173,-0.01963234,-2.2904248,3.1320207,-4.392459,0.5316055,-1.5381393,-1.1900395
Sample_13,0.36063874,0.46552545,-1.607008,-2.2798047,-4.326302,-1.995047,-2.8631232,-2.6106763,-3.0831366,-3.7069907,-2.1831288,-2.8730958,2.8559144,-0.47313043,5.231924,6.63348,-3.1167154,0.30534625,-0.0736382,3.257463,-1.4696586,3.3992076,-1.5892651,-0.06829822
Sample_14,-0.50133747,0.7438395,-1.0823066,-0.1256231,-3.7738862,-2.7346184,0.84292614,-3.338041,-0.3483324,-1.6958091,-1.4154954,2.9214828,-0.3247008,0.60031486,4.1431074,4.290462,-1.2766771,-1.1757135,-1.5297701,0.969939,-2.6076424,2.6136541,0.051205814,-2.3763018
Sample_15,-0.746235,-0.6239649,-1.1449096,-1.8807824,-5.936453,-0.8936113,1.3957274,-3.965158,-2.8010814,-2.0211186,-4.858367,0.24546218,-0.25311387,2.2283795,2.9576437,3.5579505,-0.9515264,1.5433197,-1.7928164,5.7958956,-4.2869463,1.4525476,-0.9717692,-0.16568768
Sample_16,-1.3687198,2.9515674,-1.2169826,0.83860993,-3.2672179,-2.7839298,-1.953128,-3.9973493,1.3215489,-4.027594,-6.740492,-1.018254,-1.8361365,5.3559384,2.5110192,3.76941,-2.2709112,-2.0648396,-1.8940513,2.6784697,-4.806286,1.0484897,-0.5459827,0.35638654
Sample_17,-0.48625445,-4.474753,-0.3760234,1.1427672,-3.8623803,-1.5835499,5.2602015,-4.432512,-7.1186943,-3.1183066,-3.8827543,-6.929556,0.42522237,-0.8282916,4.1476817,2.7209249,-1.7182361,1.2989988,-2.8495646,2.5882487,-4.1757,4.4931707,-2.2017617,-1.2373178
Sample_18,-1.238286,1.291106,-0.80265796,-2.8355792,-4.616989,-3.1166222,-1.458873,-3.2588637,1.5332274,-4.121868,-3.8038275,-3.232821,-2.1058726,2.49587,2.5391517,5.123009,-2.4503973,-1.2484868,1.4721161,5.612299,-4.9476185,2.9444022,-2.8060946,-1.5346457
Sample_19,-2.0962577,-1.4297993,-1.6712569,-2.615642,-5.405213,-2.6776955,0.9253768,-4.4157467,-2.4130204,-4.8490734,-5.3356524,-0.88429564,-0.6463345,1.2909184,3.9351673,4.3877773,-1.9476696,0.117750704,0.04793358,3.2398722,-6.641759,2.367502,-1.2794766,-1.1357303
Sample_20,-1.4585869,5.122944,-2.5302348,-0.47378516,-5.336114,-3.0175939,0.67273366,-3.6349816,-0.46244264,-2.8075392,-2.630825,-2.227722,-0.1755615,-0.033443905,3.1833153,3.0331995,-2.2579699,-1.2197325,-1.9279332,4.3841043,-1.0738099,1.398608,-1.4442277,-0.68891656
Sample_21,0.08320683,3.2597358,-0.09864795,-3.377667,-4.212622,-1.3472247,0.36647063,-3.500982,-1.7404552,-1.5091326,-1.5706089,-2.4982457,-0.641943,3.554279,2.402194,5.0944676,-3.071341,-0.3339353,-0.32514608,2.4556155,-4.4834576,-0.9535903,0.2528597,-0.88772094
Sample_22,-1.6825423,0.07178697,-1.9854133,-1.5221211,-4.2115755,-0.66369236,7.697997,-2.946324,-1.2177446,-4.2850633,-2.3889294,-0.23302296,-2.2357657,-2.3024821,3.6266804,3.458384,-1.9429506,-0.86064357,-0.0040432215,5.3517995,-3.0227473,0.76772213,-2.5756717,-3.0331717
Sample_23,0.23893845,0.6862606,-1.1335969,-1.366615,-3.2134547,-3.4309137,-1.2062649,-2.7095053,-4.755549,-2.4482508,-5.941581,-5.6180754,-1.1523697,0.9331139,1.4590731,3.3968835,-4.257506,0.13072926,-0.37436718,5.659911,-2.2546408,0.64813495,0.87431395,-2.5821948
Sample_24,-3.7603896,-0.41519728,0.30480087,-1.7492759,-4.8167105,-2.7673173,-5.74096,-3.53001,0.6746247,-2.4923086,-2.1423678,2.3908675,-1.1978359,2.5135412,1.5967679,1.4825771,-2.8237004,-1.3088055,-2.1482925,1.5630138,-5.235911,1.1076615,-0.65024805,-1.1040633
Sample_25,-0.3486457,1.7253678,-1.9555047,-0.2616712,-5.3811646,-3.24246,-6.950528,-3.6426868,-1.1901258,-1.7552896,-4.5972724,-3.216747,0.27664474,1.8447213,3.967718,6.741952,-2.3512306,0.31928265,-2.354981,4.236131,-3.5525243,2.6216323,-1.597625,-1.6902981
Sample_26,-1.6905364,1.40263,0.10105252,-1.9525234,-5.2227187,-1.4949589,1.508168,-3.474489,-0.39097786,-0.8425884,0.4775324,0.47561184,-0.5566249,1.281406,1.587592,3.8827536,-4.513034,-2.0745516,-1.0855027,2.1294823,-0.13241053,1.9355654,-1.7818856,-1.5402642
Sample_27,-1.3262361,-0.91572005,-1.6200044,0.5405086,-4.525847,-2.429011,-5.2248745,-3.9701238,-5.288432,-4.165978,-2.7678502,2.0625372,0.9175168,1.5672634,-0.02474475,3.683046,-2.8634999,0.77334374,-1.3695915,3.583129,-5.4841156,0.25519705,-0.8179622,-2.3582435
Sample_28,-1.0313123,1.9427838,-1.3461487,0.64013815,-5.3626566,-3.0430155,0.09692223,-3.3710825,-2.1337445,-1.8300618,-4.1876945,-3.1783133,0.3773026,-0.18121696,2.8246953,2.5116076,-2.0192032,-0.81854606,-2.6270385,3.000907,-3.7801995,2.0248983,-1.1504128,0.09195197
Sample_29,-0.16495186,-1.242804,0.7313533,-0.2534123,-5.6541705,-2.4479513,-6.478496,-3.8516183,2.0347369,-2.3347058,-2.7505507,0.53373593,1.9919826,-1.1970767,2.9893286,4.1664863,-2.494759,-0.34223434,-1.2097144,3.712426,-2.8168283,2.7096958,-1.1358328,-0.24908113
Sample_30,-2.926889,0.26538196,-1.019091,-1.3048918,-3.8778775,-2.2796543,-6.4949007,-4.2140875,1.8567736,-5.6011114,-5.5693636,1.468105,0.15541098,-1.5741545,4.974702,5.123257,-2.1028843,-1.8206812,-1.4852381,2.2123404,-1.7075087,0.5491607,-0.4469152,-1.2484168
Sample_31,-2.8463686,-0.073275685,-1.3559606,-1.0934128,-4.421301,-1.7375524,5.944608,-3.4673944,-2.3911033,-3.7755308,-0.23673391,0.008701652,0.56722194,2.2438807,3.4304476,4.7363596,-1.9459813,0.40960073,-3.1661906,6.5967584,-2.0007868,0.016919136,-0.11434573,-0.6529656
Sample_32,0.76220334,-2.039862,-0.16598654,-2.1234941,-3.5266595,-3.24186,-1.3552796,-3.2159712,-2.2192469,-3.6555028,-1.9025793,1.3882909,2.741581,-0.5778578,3.3524384,4.5696344,-3.0812817,-0.08440378,-0.90528107,3.5125678,-2.3847253,2.7858694,-0.9629941,-1.8706899
Sample_33,-2.3803663,-2.1800694,-4.571506,-0.76057893,-3.9258583,-2.2051632,-2.4102533,-2.8688583,-2.2591248,-1.4186603,-5.0625453,-2.364623,1.3305029,0.43989864,1.4206578,5.500477,-2.3936694,0.26098,-0.010573268,1.9138771,-4.6376457,1.5303727,-0.6919522,-2.345321
Sample_34,-1.0575743,-4.0984926,-2.1101108,-2.0714657,-5.4531536,-2.869053,-6.6702375,-4.2962317,-4.3227396,-2.6218781,-5.1334815,-0.37323484,-0.47250047,0.1119309,2.5603487,3.8848145,-0.4282856,0.091091216,-0.85779035,0.8859768,-4.4664297,4.3618584,-3.6295104,-0.3295411
Sample_35,-2.5269895,1.8089192,-1.308043,-0.8601709,-3.6186552,-1.4553146,-0.24231358,-2.9108322,-0.27100563,-2.745244,-3.4694195,2.3589885,-0.23020016,0.98156166,3.2144325,4.5566063,-3.078594,1.6800051,1.1132365,2.4971175,-2.474169,0.40128267,-0.46282208,0.3872583
Sample_36,-3.2311552,-0.54431415,-4.029505,-1.1077362,-3.5208926,-2.315995,2.5022686,-3.6650786,-2.0072734,-4.13216,-2.8083894,0.22921363,0.2479403,1.6308254,3.5288358,5.594519,-1.3672802,-0.11384815,-3.7861958,4.771722,-3.5977283,1.4544722,-0.47324303,-2.4594536
Sample_37,-1.5508527,-1.8244334,-2.5541992,-0.9073722,-2.3700151,-2.205028,5.062196,-2.407834,-3.136057,-3.8286,-7.000099,-1.7134762,0.86525404,-0.21048808,4.7586403,5.28479,-2.4780984,-1.1169317,1.7901477,4.486481,-1.9881213,1.3401151,-3.1721683,-2.288073
Sample_38,-2.038165,-1.6967497,-1.4785823,-0.14992225,-3.7841635,-1.4153484,-2.3738031,-3.5359924,-2.1386766,-3.7695422,-1.5660214,0.03027162,-1.9331247,-0.74553776,0.9009626,3.8431442,-3.7352104,-1.331851,-2.3624315,3.5692863,-2.5012858,3.8834727,-0.15905541,-1.3047265
Sample_39,1.5675758,-0.711401,1.0888777,-2.265225,-2.7404225,-1.5188606,-4.7761188,-2.214764,-1.4445816,-3.7110198,-3.6019258,2.9084427,-0.5068785,-0.34223405,5.0732384,4.496844,-3.6216881,-3.4059625,0.3974495,2.4227705,-2.2971828,4.466419,-0.18814307,-0.43550974
Sample_40,-1.7399008,-0.7072747,0.6068325,0.13068521,-4.2722178,-2.5445652,3.8038864,-3.1973953,0.8619671,-3.0106697,-2.1343856,-3.8459132,2.5988126,3.3490949,1.7487777,3.7070854,-1.7175715,-0.4524595,-1.1946584,1.5848373,-2.9663439,2.370366,0.8376057,-2.032634
Sample_41,-2.5171523,1.3649802,-0.62295914,-2.6061273,-2.5125842,-2.7779646,-0.37855548,-3.57751,-2.0505598,-2.7776945,-4.800714,-2.2332823,1.5660049,-0.65157706,2.0708823,3.6207576,-0.79631126,0.1562255,-1.0430171,2.8482733,-4.490488,1.7084727,0.057769775,-0.2227571
Sample_42,-0.508955,-3.5499308,-0.72640413,-2.0931885,-4.751788,-1.6924875,0.6338068,-2.7537696,-0.40981138,-3.7029731,-2.320146,-0.8663984,-1.5187781,0.6928352,3.0964463,4.7643285,-1.4527209,-1.7406818,-1.7930675,3.694564,-2.0553138,0.8583046,-1.3412424,-0.27699488
Sample_43,-1.9393065,0.96814543,-3.5977976,-0.3355608,-3.6440823,-2.4400253,3.1945968,-3.6523051,-4.3439026,-4.0302505,-2.8728733,-2.9337595,-1.426423,2.2150862,3.692484,2.684594,-3.3046956,0.78530425,-0.9266669,3.4452395,-4.327333,-0.32687807,-3.2164664,-1.5769777
Sample_44,0.75058955,1.8579733,-1.0499846,-0.41273278,-4.9414663,-2.8400583,3.3775768,-2.5143075,-3.9763012,-3.4530544,-4.7382035,0.7089355,-1.1616095,-0.39866123,4.027619,4.8447123,-0.9029982,0.1492554,-2.3857293,5.319199,-4.3176675,2.0863178,0.005252421,-1.0837373
Sample_45,-0.21004528,0.43602526,-0.68082285,-1.8976672,-3.7406793,-1.8713477,-2.0162475,-1.2451923,-5.6900816,-0.9325397,-3.4234896,4.4862466,0.5360389,0.5414814,4.1968575,4.556399,-2.483557,-1.0787175,-1.3181406,1.5845783,-3.4216776,2.5104976,-1.1084285,0.23611069
Sample_46,-1.2867068,0.3343295,-0.23298275,-1.9022732,-4.551085,-1.1994959,-2.3224475,-3.4228067,-4.33686,-4.653397,-2.950532,0.4667436,0.6799708,2.7798173,-0.37565923,2.973306,-3.0831008,-2.8916132,-2.6222935,2.8538876,-2.7384334,1.5239818,-2.1008732,-0.012178779
Sample_47,-0.8492425,1.7867179,-0.5866978,-1.691578,-2.420107,-2.9176433,-2.6488416,-2.0356495,-9.091572,-2.2274477,-3.9188604,-3.436894,1.2618545,-1.3867369,4.011731,2.5575554,-2.634024,-0.026546389,-0.9210998,1.8921182,-1.555023,2.4568624,0.8924775,-3.766141
Sample_48,-0.9942884,-3.3061557,-1.5297016,-1.0870346,-4.2103996,-1.9482801,-3.973738,-1.5891314,-1.1382627,-0.18279648,-3.6570938,4.3936577,0.24761048,2.445919,3.5627782,2.2633762,-0.23409748,-1.5405514,-2.5106475,4.6632857,-2.2998366,2.55474,-0.42647368,-0.44407445
Sample_49,-1.8641613,-0.2953935,-1.1977595,-3.3904505,-3.2571902,-1.6233151,2.4097252,-4.3943973,-2.539278,-3.2620306,-4.798703,-0.17283283,0.10502696,-1.6143084,1.5049796,3.3332138,-1.6964872,-1.4297833,-0.064059496,4.428315,-3.0254428,3.0591774,-3.1405668,-2.4625652
Sample_50,-0.5171827,2.459558,-1.3276004,0.6827153,-4.962109,-2.1395159,-0.4724102,-2.7104719,-3.7303956,-3.223387,-3.1385546,4.0618143,0.18621424,1.1377918,3.814092,5.2823677,-2.6703148,1.2483852,-0.4517393,3.5027814,-1.2602777,-0.562701,-0.6102077,0.24816382
Sample_51,-1.8430735,-1.8187428,-0.16281056,-1.3146338,-4.5130954,-2.4369485,3.4876404,-3.29793,-1.3270323,-3.5995288,-5.522044,0.23917913,1.5570623,-0.96390396,4.5198874,1.2837057,-1.470479,-0.57292104,2.767308,3.823058,-3.9650831,3.1039324,-0.5711273,-1.8847952
Sample_52,-0.97027975,-3.7055378,-0.32683754,-0.6764824,-4.2407975,-2.3662872,3.4125056,-1.9206909,-1.605465,-4.9294286,-6.075413,0.48925644,-0.7984421,-2.6533732,1.9023737,3.3646953,-3.9941769,-0.798768,-2.4573588,4.7009106,-4.0007663,2.9503698,-0.49840957,-0.85851294
Sample_53,-0.040220976,2.7288015,-4.0514326,-1.2558932,-4.7802124,-1.930535,3.0740137,-3.0818863,-0.9703541,-5.107916,-4.63829,0.22697304,1.5671623,1.106098,4.414918,5.48283,-2.1829987,-1.1113124,-0.79149055,3.1206522,-2.0717907,0.15109622,0.27775705,-0.8697477
Sample_54,-0.2445414,0.52332914,-1.1445957,-0.9142884,-3.8959794,-1.6842396,0.28328127,-2.7680964,1.8283684,-3.6356144,-4.529818,1.0822692,1.0220492,-2.2280254,3.1015267,2.678445,-1.5993731,-0.23220259,-1.8604152,-0.48671436,-2.7237906,-0.37805402,-1.8147049,-0.56651646
Sample_55,0.15487397,1.8393661,-1.8307436,-1.1539956,-7.3568854,-1.5237105,-1.0087463,-5.026043,1.9947113,-3.64042,-1.1737146,4.364139,-0.07567043,2.9977715,3.1881223,4.2915244,-1.0355659,-0.4740105,-2.1352916,5.770296,-2.8380752,2.863698,-2.1353588,-1.4308058
Sample_56,-2.4279866,1.3467765,-0.095404744,-2.9346564,-3.4405859,-2.3514695,-1.8576016,-3.204355,0.5173229,-5.5908127,-6.01229,-0.14220144,-2.4513087,-1.1544921,3.5446918,3.0447803,-3.447525,-0.15405002,1.4927906,3.1378338,-2.868019,0.974488,-1.0366008,-0.47450644
Sample_57,-1.5872197,-2.296654,-3.0668125,1.7553948,-2.9840055,-2.0196245,-2.0765898,-4.6943703,-4.316763,-3.6461332,-5.265504,-3.1260242,2.0539043,1.2977753,3.0063658,4.233758,-4.4148417,-1.1720917,-1.3372055,3.7829416,-0.2422316,-0.13827991,0.7476761,-2.3171444
Sample_58,-0.6821594,0.08018468,-0.27944744,-2.6186094,-3.4503536,-1.7461665,3.028613,-4.045054,-0.6250294,-2.5883415,-2.8900883,-0.19920392,-2.9175348,-3.2729049,3.676052,3.1003656,-2.9134693,1.1713028,-0.8836304,3.9091232,-2.4091237,-0.25370228,-2.339573,-1.3971596
Sample_59,-2.3297942,2.689299,-2.9639382,-2.4871645,-5.101424,-1.8474424,0.45529366,-3.4790514,-1.7633281,-2.448959,-4.7252665,-1.1556661,-0.17449369,3.3724089,3.2290502,6.495558,-1.2401588,0.34309977,-0.070860624,3.228131,-4.039028,0.87061733,-1.7875946,-2.6499958
Sample_60,1.0074283,0.26077485,-1.6226599,-0.97568285,-3.1559038,-1.8295171,-0.9405583,-3.655927,-0.50743425,-2.8092427,-3.6595268,-3.1185381,0.46014515,0.7530349,2.9782963,3.9095945,-3.8496685,-0.0002989173,-1.6007552,3.036878,-4.8999104,2.000455,-0.28297538,-2.185526
Sample_61,-1.1554955,0.7956679,0.009739757,-1.3760847,-4.2680163,-2.67399,-5.342837,-3.190145,-2.5223145,-3.412506,-5.812534,3.5598035,-1.3133502,2.5858874,2.9858842,4.8511066,-2.2981844,-0.51065767,-5.5327,3.1548398,-4.673194,-0.16015136,1.7333293,-0.47053492
Sample_62,0.88851595,-0.38071504,0.25263488,-1.9740711,-3.876512,-3.3344815,-0.09088355,-3.2950218,-3.9752707,-3.8497784,-1.6016407,0.814937,0.10077158,-2.2278976,2.6011434,1.5333271,-2.5634747,-1.9245174,-4.857604,5.2123556,-5.1952686,1.3125048,-2.7244415,-0.8742243
Sample_63,-1.8717341,1.0370009,-2.8211346,-2.1666405,-2.1352828,-1.8363376,3.7739413,-4.6774807,-2.3937216,-2.4905353,-6.6769323,2.1135771,1.9822643,4.0389977,2.8589902,5.6655016,-1.9365401,0.39627934,-0.8592707,4.0131807,-2.992024,2.0649827,-1.9172686,-0.6259208
Sample_64,-2.3474464,1.536976,-1.5466219,-1.2384571,-4.702696,-2.0880811,3.3298676,-3.6567578,-2.4974031,-5.1573076,-3.2207222,1.9362569,0.021608427,0.3305331,3.563167,1.8254724,0.12388587,0.27629304,-0.6473905,5.9824204,-0.19748712,3.8402607,-0.7870579,-0.28532916
Sample_65,-1.369962,-0.82759523,-0.81245196,-1.1184553,-3.9954474,-2.5195057,0.030260727,-2.4684887,0.766435,-3.9715412,-4.713622,-3.2899606,-0.2060541,1.4230059,5.2514873,3.7367942,-1.2354466,0.4100001,-2.9573855,2.1445408,-3.887694,2.1279647,-1.8719968,-1.4746884
Sample_66,-2.1570778,0.23841824,-2.2819638,-0.06188214,-3.2294228,-1.8400233,6.4273076,-3.3672414,-2.7308953,-2.8560748,-1.9217091,-1.3088206,-0.19845566,2.4154954,2.8462973,3.419108,-1.6776425,-0.37629336,-2.6879623,5.5750036,-1.6452473,1.2250075,-1.4258789,-1.6312768
Sample_67,-1.8030847,0.262137,-1.9624023,0.042129517,-3.9968274,-2.425512,0.14537098,-4.086206,-2.395153,-3.2673547,-1.8825814,-0.6599269,-3.2270007,-0.16387919,3.9981751,5.013993,-2.5439265,-1.0827491,-3.6969395,2.202148,-2.7998223,3.1861024,-0.43829596,-1.9988856
Sample_68,-0.5827739,2.3612323,-1.2601615,-1.168184,-4.490971,-3.257789,-0.3292064,-3.9468553,-7.27162,-1.9602467,-0.4517002,-4.573998,-2.457045,-0.04963582,4.6024513,2.8776102,-3.4410367,-0.82970655,-2.4113164,3.6065702,-2.691123,5.3931475,-1.9756587,-1.7784151
Sample_69,0.14383125,-5.452833,-1.2383603,0.44285345,-4.788956,-3.004344,1.948426,-3.906113,-1.1752474,-2.8627975,-4.0262036,-0.21617886,-0.611988,5.5596075,2.827428,4.0295215,-2.9487796,-0.505546,-1.0794551,3.769521,-2.4281058,0.75475013,0.24634874,-1.4576938
Sample_70,-1.724798,-6.140031,-1.1627575,-0.7543378,-3.0842624,-2.775808,-4.1154456,-3.85711,0.6742091,-3.6576223,-1.3013444,-0.5699803,0.26488596,0.5927603,2.579483,3.5724952,-1.1439602,0.5676409,-0.50217587,3.3496847,-3.7742908,2.3581913,-1.6869538,-0.055366278
Sample_71,-1.0227565,2.6899014,-2.3954158,-1.0096667,-2.6747382,-0.4339882,-2.4735134,-3.6817217,-0.6582525,-2.3834267,-4.1333213,1.0749441,-0.04303687,-2.5892591,3.3462687,2.833091,-1.4705484,0.39647812,-2.2577443,4.8505464,-5.5001955,-0.52473307,-1.6841702,-0.5069906
Sample_72,0.110022366,-1.2669523,-0.29746032,-1.0821029,-3.7623014,-2.6380944,1.5676702,-4.7807074,-4.6177607,-1.9059708,-1.856408,-0.33605933,1.828924,-1.6012622,0.56174564,2.3923097,-2.4389234,-1.2277032,-3.4003334,5.5863876,-5.145838,1.435835,-2.005416,-1.8799325
Sample_73,-0.7195711,3.4252572,-1.6311237,-5.327739,-5.0115805,-3.0661483,1.1211153,-3.207184,-2.6105766,-0.7405536,-3.547445,3.0390253,-2.0121713,-2.0735328,2.0205736,3.783496,-3.577121,-2.6603956,0.32554662,2.831246,-2.7710922,3.399135,-2.5458841,-3.3106103
Sample_74,-2.8301737,1.686709,-2.1743069,-2.4099631,-2.811408,-2.1675322,3.3298836,-4.108859,0.29144955,-4.0581703,-5.379656,-4.608704,0.2982878,1.3559486,1.7911069,3.434244,-1.9332756,-0.75912476,-2.7731462,-0.17026997,-0.91453385,5.856255,-2.2256584,-0.636468
Sample_75,-1.0438243,-2.673214,-1.7738274,-3.185349,-3.8975766,-2.2589428,3.1454,-4.122407,-5.01974,-3.6706724,-3.9994974,-2.9755728,-0.5430059,1.4369258,6.2403655,6.609694,-3.8229737,-0.53944486,-0.97084653,2.9240088,-0.53709817,2.5375373,-0.16205782,0.063700914
Sample_76,-3.1789043,3.906303,0.06737256,-1.5065147,-4.416883,-1.273483,3.0191588,-3.705319,-0.5058836,-1.5724622,-1.8654052,0.741026,1.4472411,-3.8130524,3.9352374,3.1842587,-3.0630484,-1.4790337,-1.2885798,3.1582043,-2.5698836,0.5087048,-0.58763003,0.80649734
Sample_77,-2.101163,-1.8090259,-1.5449134,-3.321103,-5.30767,-2.30548,1.0583632,-4.274915,-4.579584,-1.4204735,-0.14601946,2.2185593,-0.10126288,-2.965233,2.0281267,2.548273,-3.0549886,-1.2155254,-0.27117598,4.830947,-2.4044423,-1.294797,-1.3894476,-3.2016623
Sample_78,0.97400707,-2.1387475,-0.31656873,-1.1467583,-4.185077,-2.6093798,-1.339188,-4.081846,0.6341531,-2.372694,-2.2488976,-0.7096033,-2.1257565,-2.980636,0.049753428,4.202741,-2.8502674,0.47348803,1.8427831,5.0427923,-2.7692795,2.6438007,-1.7451426,-1.6971712
Sample_79,0.1725918,3.4579613,-0.77507573,-1.5650617,-3.763396,-2.054964,-2.1164696,-2.733703,-3.1144419,-2.3820887,-2.066605,-1.4847945,-0.4961653,1.600599,1.9481541,4.0700955,-2.2677357,-0.56078124,-3.571148,4.066706,-3.6880896,2.448378,-0.78954935,-2.028363
Sample_80,-0.48346573,1.0774713,-2.7461796,-1.348284,-3.4413166,-1.4239271,3.2435832,-3.9192162,-0.44977522,-4.1292343,-8.014918,0.38123983,-1.0199581,0.73927104,5.6385508,2.8033078,-2.8056846,-0.06048873,1.2157187,1.792803,-2.9642696,4.061972,1.387641,-1.3662556
Sample_81,-0.21255547,2.156792,-2.090282,-2.4457448,-4.3602953,-1.8355529,3.6666322,-3.379266,-2.5097106,-1.9473921,-2.3648243,-3.7767773,-0.38308898,0.22677243,3.9709744,4.193028,-3.2144651,-0.30273396,-0.2037164,4.652219,-3.6506393,3.3294787,-0.69085026,-3.2500043
Sample_82,-2.5144043,-4.1123023,-2.8908777,-2.9964929,-5.2515345,-2.0232232,-0.50726676,-3.581678,-1.2004232,-3.388144,-3.1923513,1.8700085,0.038421936,2.068551,3.7024024,5.365433,-1.1954979,-0.80609417,0.10852456,6.597994,-2.2680085,4.8490763,-0.6844112,-0.56154704
Sample_83,0.13074672,-0.51186395,-2.179103,-2.7336583,-5.3578796,-2.3141198,-4.7874513,-4.039544,-4.1384363,-3.3922062,-4.9622855,-0.11411129,0.015374005,-0.92433107,4.1652975,4.0285587,-3.2672477,-1.3269584,-3.5859318,3.1888847,-1.5435486,0.85393524,-0.72301966,-1.8104446
Sample_84,-2.9466558,-1.4909754,-0.46914667,-0.08813,-3.3978517,-0.64319086,-5.6664815,-4.023833,-1.5633551,-2.740165,-4.150529,-1.5311694,1.1549661,-1.8415849,3.0677278,6.066759,-3.8177652,-0.28220993,-4.222464,3.5834157,-2.6181874,4.6270475,-0.42274195,-0.017833948
Sample_85,1.9375247,-4.1039977,0.94986093,-2.6277425,-5.4332128,-1.8284929,0.7600265,-2.5274212,-3.9695146,-3.240143,-5.3914623,-0.3009224,0.818269,-0.5381845,3.2866602,4.0666842,-1.6895001,-0.020588517,-0.2986139,2.7688177,-2.586796,2.1285021,0.55716765,-0.6681442
Sample_86,0.0052030683,2.548208,-0.884081,-0.95106465,-5.4603443,-2.6338205,3.2520843,-4.4180813,0.6966884,-4.265755,-4.939305,-0.16091791,0.63605976,0.10496598,3.7259529,2.9821715,-2.8809152,-0.4537944,-2.198669,2.3215508,-3.0430703,6.548541,-2.0188212,-1.531995
Sample_87,-2.183272,-3.7585967,0.6459812,0.04351926,-5.428196,-2.0251467,-7.148918,-2.7402875,1.2644483,-5.3231463,-3.1316814,-5.1079645,0.804247,1.1341469,3.3188965,4.5521827,-1.2019203,0.4910115,-1.523914,6.200598,-2.799418,-1.1622754,-0.39735538,-2.7702942
Sample_88,-0.12665349,-1.6732383,-1.6239724,3.2248168,-4.1391187,-1.5116612,-0.4052221,-3.4381938,-7.091114,-2.5765078,-4.768237,-0.8064084,-0.57032484,-4.329611,2.9883735,5.7505927,-2.7238727,0.22624516,-2.3396144,3.5064645,-1.6812977,1.9800787,-3.3563242,-1.1410599
Sample_89,0.1549679,2.5844476,-1.3169622,0.16949129,-4.6566453,-1.4213548,-0.9300344,-2.6694853,-0.6055013,-3.3433425,-3.2239068,2.9037254,0.2740417,-2.02712,3.4200735,3.22137,-1.5385122,-0.7530608,-1.7570996,3.1894999,-2.8056598,2.0744827,-0.36802596,-1.7644446
Sample_90,-0.35434657,-1.7357804,-3.7688508,-1.3234315,-4.875431,-2.4334605,-5.524785,-3.0901833,-1.4487348,-2.9989367,-2.5528831,-2.4642453,-0.05649276,-0.62419146,3.866967,4.086605,-3.9072602,-0.047757924,-1.1544639,6.8842545,-3.556721,1.9976344,-1.9067731,-1.5554394
Sample_91,-0.33960927,1.2800963,-0.47936195,-1.8146081,-5.1852055,-1.1840647,-2.4573019,-4.1951256,-1.5357195,-3.6005402,-2.5727715,1.0134122,-0.3833261,-0.22976094,2.846047,1.9695656,-2.9053478,-0.4645821,-3.2439442,5.5665007,-3.6780746,3.0198374,-0.9976622,-0.8017944
Sample_92,-1.5096302,-1.064928,-0.29022217,-0.38277376,-4.6308126,-1.9939933,-2.6756854,-3.3641682,0.27578223,-1.7055758,-4.4221277,-0.4518695,1.9613682,2.6504493,5.0931244,4.9639597,1.9348924,-0.0037244558,-1.5385624,2.8835685,-2.712498,1.2956221,-1.6707795,-2.0509233
Sample_93,-2.2120519,1.0402516,-0.38741612,-2.3390377,-4.463298,-1.4881229,-3.692942,-5.137501,-2.5256271,-3.7916348,-5.282106,3.1712744,-0.53073055,-0.8584029,3.2227817,5.160991,-2.3056495,-0.56715274,-2.4785633,6.067745,-3.783091,4.2183666,1.0528256,-2.7738848
Sample_94,-3.1792397,-1.4693149,-2.7201593,-0.90603924,-4.5270224,-2.6450624,-0.55727875,-2.8409579,-0.44279206,-4.8714647,-4.167624,0.22768924,0.007890813,-2.3639762,3.5896692,4.7630405,-0.53923357,-0.76857984,-1.5384061,4.017813,-2.4417737,-0.14534724,-0.633576,-0.87080705
Sample_95,-0.9082074,-1.1148922,-1.6054562,-0.92253613,-2.994186,-2.6776383,-3.1116729,-3.9062765,-1.7954156,-3.454543,-1.9193747,-0.2865442,1.1284306,0.42916173,4.5611033,4.1862955,-2.0483735,-0.27076337,-3.3974001,3.4630387,-3.1831439,0.36343443,-0.5781355,-2.1273553
Sample_96,-0.8636308,2.5274887,0.6378001,-0.8226196,-4.0028024,-1.0576274,3.3957317,-3.2050462,-3.5606208,-3.796482,-1.9448861,1.0178849,1.0207473,1.078974,3.7032218,2.2543702,-2.0191767,-0.7604277,-2.320959,3.7443411,-0.6142447,1.9663035,-0.8263286,-0.95019424
Sample_97,-0.60220885,3.853075,-1.1583277,-0.5554694,-2.2831411,-2.8491082,1.5757892,-4.2731705,-0.9501686,-4.0850277,-3.6949313,0.4514786,1.9938579,0.1516218,5.7205887,5.453244,-2.6597917,-0.083600104,1.5026037,3.4955397,-6.6153603,-3.0597851,0.31579703,-2.7625144
Sample_98,-2.6222954,1.8822048,-0.678182,0.3076973,-3.704811,-2.4674528,2.2943041,-2.7711043,0.37196994,-3.4507484,-3.8376946,0.53924924,-1.2175505,-4.4567633,2.2524147,4.147595,-1.3419105,1.1058524,-1.597394,4.816695,-2.5921755,1.8439398,-1.9564371,-0.5037303
Sample_99,-1.7960782,-7.1719174,-1.6164389,-1.823597,-3.1670365,-1.4001529,-3.3357317,-5.6148777,3.390925,-2.7612102,-5.488019,-1.0657593,0.48581672,-3.9818783,2.1777687,2.6225529,-1.6071858,-0.20310101,-0.21955168,4.7048945,-3.6650388,4.2771435,0.5890019,-1.8668017
Sample_100,-0.58593976,1.481015,-1.5745387,-0.5490501,-4.362636,-2.393848,-4.5639477,-4.298291,0.0028455257,-2.2117448,-1.1940086,1.5284891,0.8432941,3.2673635,5.370686,4.997802,-4.1502542,-0.3773464,-0.09479308,1.0044441,-5.4102106,1.072291,1.9433619,-1.8176591
Sample_101,-1.0290264,-0.54107624,-2.4462671,-2.264173,-3.8525715,-1.6858895,-1.0006009,-2.95844,1.1316586,-1.3058207,-2.6830432,1.8785745,1.0321956,-0.8691951,2.5981364,4.458055,-2.5253034,-0.3351776,-1.2657218,3.2969787,-3.8640466,2.970306,0.08621466,-2.6316774
Sample_102,-2.9976926,-0.23947656,-2.304123,-0.85317785,-3.5309398,-2.8975625,-0.03560953,-2.2344563,-3.6496067,-2.4828124,-3.2826867,-0.31581986,-1.1827238,0.45287436,3.448988,5.4442797,-3.6220248,-2.0412955,-1.6073185,2.229239,-4.568069,1.990521,0.2216121,-1.8250432
Sample_103,-1.4243419,0.7357456,-2.333198,-2.0632076,-3.5573807,-3.0802448,-1.126101,-4.65297,-2.6954374,-2.8708055,-2.3243651,-4.746178,-1.4363002,-0.2929535,3.0300984,2.4812756,-2.523936,-1.5085953,-1.4694868,3.589867,-3.8720593,2.6824684,-0.00026148558,-0.7866775
Sample_104,1.1492766,-0.58409166,-2.1846051,-2.0501914,-3.8508897,-1.6805379,4.66035,-4.3864183,-0.08286595,-2.9878893,-3.3887508,-5.1370387,-2.298433,1.8365046,4.1195,4.8790255,-3.7397494,-0.6867845,-0.21714628,2.6199667,-1.8766172,4.0084605,-0.99236184,-1.494419
Sample_105,0.0097827315,0.6284342,-0.19208694,-3.4486597,-3.2730498,-2.974955,-0.06624326,-3.3697476,0.0014144182,-4.0659494,-2.2381968,1.4486289,1.1297579,-0.048742518,3.1182005,3.1502337,-3.7562523,-2.7432454,0.11966956,2.5579376,-3.382329,4.038968,-2.5143495,-0.27430058
Sample_106,-2.1848955,4.333518,-1.5926493,-0.9700273,-3.233458,-2.262879,0.6204071,-3.2546809,-2.129477,-4.1953244,-4.0268483,2.939949,1.7626646,0.98683476,0.15270925,4.894761,-1.9884446,0.3128432,-3.763977,2.6203644,-1.2374773,1.8655171,-0.7671816,-1.8033319
Sample_107,-0.8819485,3.27668,-0.4159721,-1.4900346,-4.204331,-2.667163,-3.820834,-4.0000896,-1.2053225,-3.995742,-3.306492,-0.009452328,0.4784035,-0.8293495,3.7741265,4.811358,-2.7928703,-1.2396772,-0.8477809,3.9507055,-3.5172365,2.9394264,-0.34451532,-1.7325943
Sample_108,-0.023920357,4.87453,-0.19023752,-1.891132,-4.904268,-2.065373,0.40159258,-2.6356854,-0.30493057,-4.0094986,-3.8346598,-0.86251885,-1.728076,2.8976998,1.896786,2.3338609,-1.0940368,0.90640205,-4.439726,2.880937,-3.046225,1.6622173,0.7476293,-1.4121116
Sample_109,-1.3248023,-1.0630904,1.0163482,-3.2356918,-3.0762372,-2.432934,-0.6417527,-1.9650229,-3.9667125,-4.078228,-1.6743515,0.06803177,0.4346004,-0.004054919,1.8018612,6.084283,-3.8356802,-0.9632766,-1.9251025,3.9938948,-3.5432029,0.23531842,-2.293324,-0.65273213
Sample_110,-0.24095947,2.07697,-1.2401692,-2.0684698,-2.8953652,-0.75093484,-10.215667,-3.895534,0.95337725,-4.036075,-2.7753334,0.18827207,-0.13469481,-3.4427433,3.0656188,3.8907158,-1.3720727,0.25352377,-2.4859297,2.2927594,-2.8551364,1.4777317,-1.5286704,-1.556361
Sample_111,-1.3063326,-1.1101576,-2.3778942,-4.5475464,-3.2264395,-2.7344296,-0.47596818,-2.9346738,-2.2833815,-3.2627704,-2.3652053,-0.033206,-3.1713357,-0.5726942,3.8849523,2.4685426,-0.8212111,-0.2792635,-0.8606913,2.1916008,-2.514367,3.839198,-0.0308792,-0.85055286
Sample_112,-0.69211113,-2.3816078,-1.4572848,-1.6840715,-3.1430922,-1.2560833,-4.2500997,-3.166515,-2.2884445,-3.8127239,-2.961844,-0.8385446,0.9724468,0.53508866,4.6380553,3.8325076,-3.3312254,-0.7760482,2.0632882,4.0420485,-2.9387696,0.52964115,-0.6603967,-3.311004
Sample_113,-1.4484527,-2.3999977,-0.38980508,-1.0512689,-5.4811916,-3.3113754,-0.123025835,-2.0188375,-3.5202475,-3.144798,-2.3622084,3.6185312,3.24997,4.662045,6.476199,1.3732746,-2.3740277,1.1633792,-1.4452862,3.0051298,-3.9288409,3.0216808,-1.042403,0.14387858
Sample_114,-2.1244707,1.2150667,-2.9625988,-2.3860471,-2.5711474,-1.6935256,3.3413925,-3.593777,-4.357945,-2.434607,-1.1963677,2.7912614,-0.28006884,-2.9596634,2.4749405,5.810461,-3.2675362,1.7628343,0.7571341,4.990013,-2.1904035,3.7974303,0.92712784,-1.0289158
Sample_115,0.23408592,-1.7141442,-0.18722379,-1.5102886,-5.233002,-1.749949,3.948067,-3.0662951,-0.5325594,-3.3655365,-1.7832091,2.4000714,0.69551444,1.0501379,2.775503,2.2608843,-4.105336,-0.2862824,-1.60412,4.2740684,-5.1443887,0.7371572,-1.993518,-0.4798982
Sample_116,-1.8483107,-1.5043132,-0.6098853,-1.5950547,-5.2719617,-0.8179306,1.9660476,-3.764728,0.58595645,-2.0898943,-4.538898,-0.9447458,2.7630985,0.11969152,2.4619973,4.4685345,-4.2328234,-1.5054271,-0.20406306,1.2486639,-5.1924257,1.0101874,-2.521275,-1.2748189
Sample_117,-0.5373173,3.6796732,-0.96345687,-0.6135252,-4.4875283,-3.1103392,-5.752775,-3.9388723,0.4791404,-4.68779,-3.867804,-1.5305235,-1.6502591,-0.50512373,0.39975882,3.4900036,-1.9931678,0.46031785,-0.24552393,2.8007417,-2.8095012,0.9394752,-0.16445589,-1.7276895
Sample_118,-0.7927717,-1.8927085,-1.3304565,-2.216416,-5.063093,-1.7843621,-3.8646228,-3.2397554,0.51880074,-4.158803,-2.5640118,-0.01851207,-2.1057076,-4.778058,4.233463,4.8904076,-3.172345,-0.031311393,-2.8738384,3.0272644,-2.3226337,1.716834,-0.08031756,-2.5347161
Sample_119,-1.7028391,-2.008125,-1.2590697,-1.1124854,-3.9930117,-1.7713047,-0.52907336,-2.368369,0.9329002,-3.025198,-4.6146545,-1.9106666,1.2655324,0.67409325,2.5979261,5.651225,-4.887428,-1.4630003,-0.25729287,5.7240667,-1.0673447,0.17336333,-2.9232855,-1.2059675
Sample_120,-2.247948,-0.83643365,-1.5551776,-0.28969574,-4.4074435,-2.355161,-2.333799,-4.0866942,1.9648837,-3.9273388,-5.559678,-0.41487288,0.28193358,-1.2927314,2.6339977,5.0886445,-2.8861067,-0.9186615,-2.375734,3.9900968,-1.8206403,0.8089519,-1.3191949,-1.5227904
Sample_121,-1.4275361,-2.320709,0.6590775,-3.1153333,-4.2506094,-2.8216538,-0.8166495,-3.0303082,-2.1270537,-1.561942,-2.1308975,0.47803617,1.6300073,1.100626,4.0313864,5.886316,-2.1012197,0.1613298,-1.2079729,3.7860143,-4.596551,2.7581792,-3.063264,-1.8542624
Sample_122,-0.21388227,1.5007577,-1.9224062,-1.5155904,-3.0612988,-2.2101798,1.9819695,-3.3278987,-1.6562189,-1.8603883,-6.352516,6.684742,-0.2719603,-0.17218196,2.1696553,6.0657616,-1.5819652,-0.048222423,-0.48948842,1.7403147,-1.928136,0.8627728,-1.057801,-1.3278978
Sample_123,0.29423237,3.6480362,-1.5985558,-1.6594578,-4.6567373,-1.4155667,-1.0395737,-3.6689312,-0.8396661,-1.4423699,-4.4873166,-2.8508694,0.7267106,0.28317913,3.8209982,5.3941193,-2.646472,0.1641339,-3.2655451,4.5300097,-4.542248,0.9318215,3.1881366,-0.45303923
Sample_124,0.37101674,4.0240026,0.15996039,-1.8067834,-2.263089,-1.6016324,-0.94409615,-4.076973,0.080437064,-1.1194624,-3.432684,1.6110363,0.8933412,-0.16376495,3.4889863,4.5545907,-1.3489695,-0.6390257,-1.0942676,3.6530066,-3.2814653,1.7819828,-2.0808024,-0.66628987
Sample_125,0.94339156,1.2651812,-0.41638613,-2.1412425,-4.0462737,-2.2947135,-1.2718956,-3.6625793,-4.689771,-2.1981587,-3.962785,-1.7655189,-0.39822605,0.5876621,4.2349234,4.1161394,-2.8263018,0.9382433,-0.3303293,4.081625,-5.249428,2.798212,-3.0016608,0.68598866
Sample_126,-1.4109149,2.5816073,-1.3991663,-0.1562742,-4.3803144,-3.2051547,-5.413893,-2.1221123,1.3408136,-4.4926195,-7.932946,-1.4722579,0.61357284,0.42192695,4.0978823,3.8395603,-0.48585737,0.5503291,-2.463066,5.6974535,-1.7231222,1.3459342,-1.4747074,-0.7358799
Sample_127,0.034176886,3.903353,-1.9278789,-0.71346253,-3.2832506,-3.232101,-2.5850232,-4.0817947,-3.2380333,-2.462933,-3.328722,-2.3616233,0.041809246,0.5784912,1.9617125,3.0564299,-2.5712435,-0.44572717,-2.343829,2.3782167,-3.6783943,3.2616267,-1.8265207,-0.7023183
Sample_128,-2.7501373,4.206251,-1.1666738,-2.0716004,-4.8925757,-2.3911395,5.147912,-3.7793097,-5.0005965,-4.224198,-2.996769,2.0552106,-2.8977995,-0.97557855,3.6358228,2.978538,1.3411059,0.608421,-0.7255647,3.3995297,-1.9776773,1.7854904,-2.58056,-1.081612
Sample_129,-1.5584872,3.1539268,-2.880094,-0.2488541,-4.857988,-2.0623107,-0.56174165,-2.3488584,-2.5153265,-3.731598,-3.00864,-1.8837351,0.34504887,-2.8852465,3.0833743,4.2461877,-2.779662,-0.68678296,-2.2530367,1.8081232,-2.1644826,0.5013355,-0.8791301,-2.8187053
Sample_130,-2.2131467,1.3040872,-2.1417348,-1.2209957,-4.8092427,-1.4258668,5.4834933,-4.5221176,4.974118,-3.1601045,-2.0359912,2.4438279,-0.06268052,0.34715712,4.247375,2.565215,-2.250317,-1.115164,0.037122726,3.8712018,-2.9482918,2.2970557,-0.73500156,-1.6036386
Sample_131,-2.9764102,-1.431548,0.07534182,-1.4902735,-5.7981796,-2.301686,6.1398616,-3.3340993,-3.2842946,-1.4229318,-2.7005267,2.9926069,1.4353579,-0.3599555,3.2189987,3.164128,-2.7908044,-0.24007818,-2.4838514,3.8728635,-3.7180786,2.3905056,-2.875558,-0.92314976
Sample_132,-2.3285916,0.6611764,-1.8468308,-0.7792934,-4.3314075,-1.2921005,4.150785,-4.3601737,-1.7754754,-2.796582,-2.893404,-0.5076793,0.9476394,-2.8498564,2.7884598,4.1063275,0.38541484,-1.3715519,-2.1297686,0.7574911,-3.5569756,2.801237,-0.33195925,-1.2353247
Sample_133,-0.59634614,-0.7073419,-1.2884489,-1.688354,-5.3352423,-1.6363223,-7.123008,-3.746658,2.5644784,-3.033661,-3.5151296,-2.066626,1.7180135,-0.20193624,3.9954443,3.604846,-2.9050155,-1.551603,-2.2151997,3.0352793,-3.9557045,3.4743423,-0.6273694,-2.0064826
Sample_134,-0.2679631,1.3316661,-1.5156051,-1.393559,-4.7326083,-1.6505733,-5.1555157,-5.0521884,-4.130093,-3.001153,-4.699653,0.88847524,-2.443047,0.34075707,0.6796229,4.114536,-2.3960037,-0.65629,-0.8524304,4.4230156,-3.845012,0.89899194,-0.76157516,-1.9291661
Sample_135,-1.7997468,-1.8922918,-2.1673167,-0.11186135,-4.503815,-2.2465816,3.044631,-4.009356,-3.2726674,-2.7157571,-2.6462693,2.9782963,0.46533453,2.0904608,2.7584853,4.1719794,-1.880161,-2.175462,-0.6198919,2.8278844,-4.408897,0.2602085,-0.35446852,-1.9400126
Sample_136,-1.1401402,-0.5379455,-2.122144,-2.6359193,-3.0145903,-2.9092765,0.6310817,-3.4338746,-4.393099,-2.8000584,-5.1637106,0.40724865,-0.37328595,0.47510576,2.4151645,2.1000159,-4.789482,0.052755773,-1.7922441,1.2434018,-2.2575452,2.2870939,-2.3847256,-1.5012498
Sample_137,-2.044734,0.09938268,-1.676872,-1.1040051,-4.856126,-2.364964,1.5274931,-3.2483063,-1.1563357,-1.1612618,-2.034082,0.15037093,0.98711884,1.7010947,3.0272362,5.661027,-1.3631325,-0.6474416,-0.8741859,5.252102,-2.0969753,-1.1296024,1.0722039,-1.1696364
Sample_138,-1.2493016,4.9702263,-1.0026189,-0.61898625,-3.6301768,-2.8942614,3.524616,-4.253126,-1.8991523,-2.7832873,-4.918661,2.9689624,0.2531901,0.8530193,4.19844,3.7282445,-2.1858566,-0.6550645,-0.2536657,1.0678978,-4.3243947,4.715233,-1.3924506,0.11148918
Sample_139,-1.0309206,5.2939167,0.010248661,-0.5333609,-4.603431,-0.60761774,5.60307,-4.202565,-2.83038,-2.6711745,-4.825111,3.2788265,-0.61396635,-3.6333127,2.9670894,4.8521757,-3.331339,-0.41083106,0.25186384,3.5999262,-1.9160392,0.27456713,-1.6858149,-1.7584293
Sample_140,0.33366,1.3040385,-0.8829349,2.1348205,-6.159323,-1.6131635,2.401178,-3.9512596,0.59340835,-2.7541342,-3.8507414,0.48533273,-1.613287,3.3266542,0.3603375,3.7678473,-3.1243343,-1.2330241,-1.4978362,5.4360027,-5.5834856,3.464632,-0.76730394,-3.3484566
Sample_141,-0.97409356,4.879099,-0.10801196,-0.38120854,-4.9389615,-2.0446177,-5.2241364,-1.3892889,-3.758475,-2.6444702,-2.262878,-1.3960783,-1.9357312,-2.6147397,2.308323,2.7111473,-3.5727272,-2.392064,-2.5855093,4.6367717,-2.9286041,0.03651941,-2.3370328,-0.017446756
Sample_142,-1.0640126,2.0322332,-0.7436056,0.32324612,-4.612067,-0.3842728,-0.5593226,-3.535486,-0.47766507,-2.8866136,-1.105969,-0.25304282,-1.1158948,0.18543927,3.2977252,2.3697553,-1.158735,-1.1696584,-3.0888066,3.6895485,-3.6102624,0.52123916,0.8616701,-2.526349
Sample_143,-0.2685855,1.0848554,-1.802425,-2.194436,-4.219991,-2.5021443,-1.5954139,-3.1582081,2.3455138,-1.8270017,-0.7096424,-1.5232853,-0.518699,2.760068,1.7252644,3.036201,-4.4473543,-0.6103043,-3.6072726,4.3283815,-3.1764915,1.6052692,-2.1430435,-1.2528738
Sample_144,-1.4827669,-4.274168,-1.3812814,-0.9828689,-4.263374,-1.0436746,-4.7804627,-3.6825166,-2.9595337,-1.5201868,-2.900766,2.9922996,-0.117259346,1.3445125,4.141193,5.95468,-1.1480261,-1.6297989,-2.9869256,3.3896918,-2.7530804,1.8036108,-1.5594256,-2.0024633
Sample_145,0.5507247,1.8657794,-0.6709881,0.103296876,-4.9674425,-1.6029981,-0.5205389,-3.4151356,0.5803287,-4.2211685,-4.799116,1.4336642,-1.2231628,-3.2771726,3.998147,4.1970105,-4.2763286,0.8074184,-0.20176208,4.734746,-3.3029027,1.0569079,-1.112827,-1.1373612
Sample_146,0.039553344,1.0043042,-0.59305984,-0.8115134,-3.9833243,-2.025776,-1.6502048,-2.5355835,-0.9486298,-2.9515836,-3.2229872,-2.9967048,1.8903172,3.6013346,4.22388,3.1170118,-1.7958906,-0.9924681,-2.571385,5.899422,-3.6357336,0.5974498,-2.1822836,-1.2076851
Sample_147,-1.9918036,-2.2251453,-2.3502252,-4.2578983,-4.8255177,-2.8844843,1.7517453,-2.3311226,-0.87602985,-2.196442,-4.1701927,0.016357332,-1.430118,1.0531586,6.5730743,2.7419488,-0.8737954,-0.29991657,-4.6455646,2.1009312,-2.413763,-0.5896925,1.213422,-1.5811238
Sample_148,-1.8033252,2.8276737,-0.0053836107,-0.29542756,-4.11415,-2.0193417,-6.338259,-3.6049128,-3.3330379,-4.432233,-5.669847,-2.4648545,-1.6854291,-1.0636615,2.9611993,0.87052965,-3.0174537,0.387264,-3.363173,3.7798655,-3.093141,-0.080023885,-0.6859559,-2.3209553
Sample_149,-2.5875397,-1.423241,-0.42818868,-3.3817341,-4.2838745,-1.2434821,1.7793596,-4.253979,-1.8750165,-1.530199,-4.0867915,-0.30849436,0.080773346,2.0613022,1.4659191,5.07364,-2.9429805,-0.23427373,-3.5155377,3.03385,-3.4903436,1.8590542,-1.7698807,-1.5986556
Sample_150,-1.1830177,-7.346196,-0.47550064,-0.8769083,-4.239294,-2.2937784,-3.827724,-4.859331,-2.6440911,-2.981384,-3.0968556,-0.3251384,-3.0667284,0.8980191,2.6308846,2.861777,-1.0352098,-0.23565784,-2.7739315,5.894806,-4.1452804,-0.37307656,-1.7950349,-2.4057195
Sample_151,-0.37024993,-2.5616553,-0.31046832,-1.0961196,-4.6149297,-2.697756,-1.2853501,-4.929098,-0.46292353,-2.7458506,-1.6470156,0.9241318,-0.35566053,0.91628695,3.0948205,4.004295,-3.3232188,-2.613622,-0.08310962,2.9887662,-4.4332604,1.5329792,0.1879881,-0.50460696
Sample_152,1.1785764,1.7193877,0.10633528,0.07931566,-4.3412957,-1.5000412,-3.7645779,-4.003404,-4.304344,-3.2257078,-3.7417386,-2.6653428,1.9471743,-0.14812607,4.004576,5.3476825,-2.2546194,-0.31573397,-0.90803194,4.3158035,-4.303508,2.6749039,-1.161159,-1.6836221
Sample_153,-1.2140955,-1.3648291,-2.9844286,-0.35708207,-4.610182,-2.3360913,0.326032,-3.4728627,-1.7820762,-3.2366939,-6.2801495,4.1367226,-1.3538767,3.974557,2.0888066,4.7137127,-1.8041975,-1.2554127,-3.7255611,3.6925855,-2.326726,-0.08976126,-0.98392546,-2.2718105
Sample_154,0.9812521,2.2030277,-3.0106769,-1.2665632,-4.497919,-1.7339239,-3.0121422,-4.3893805,-4.809665,-5.121275,-3.5988529,-1.5730262,-1.9941069,-1.5714358,4.0160203,5.0729876,-3.754636,-0.38487285,-2.5911913,4.0079436,-4.0871487,0.91291916,-1.2212989,-2.6459649
Sample_155,-2.60397,-1.2494205,-3.4466658,-0.95638907,-3.3291588,-2.152575,-1.9527421,-4.492757,-0.7402068,-2.9860044,-3.977079,1.218938,-0.44780475,-2.9301789,2.6888874,4.73744,-4.002575,-1.1918342,-0.41536605,2.1805148,-4.906196,5.1262946,0.13007545,0.77191615
Sample_156,-0.065680504,0.23622496,1.0113763,-2.456439,-3.4385197,-2.487632,2.1923342,-3.8512168,1.1267699,-4.532139,-3.989123,0.34419537,0.9098878,3.762999,3.1072235,5.3023562,-1.7266405,-1.1082375,1.5757183,2.3815947,-2.3486438,1.601986,-0.75514364,-0.4770975
Sample_157,-1.2904966,-3.4696639,-2.4123812,-0.6742478,-3.5735707,-2.5084636,-1.4678234,-4.064273,-0.4976338,-2.9617584,-4.421831,3.0705636,0.95604515,-1.0129647,1.4105103,5.0005007,-1.3206831,-1.2896228,-2.9430866,4.3720717,-0.82039666,1.9313198,-0.08961862,-1.9687397
Sample_158,-1.3842819,-0.8535986,-1.6525571,-1.812876,-3.4560218,-1.0959636,-1.3053851,-3.4279473,-1.5984826,-3.1335137,-3.389683,0.6692163,1.3303044,3.3308265,2.8112001,5.438737,-2.9015522,-1.029199,-2.7390838,3.1047676,-2.8748233,2.9332285,-1.483317,-1.0557004
Sample_159,-0.46951258,-3.5687408,-1.8157307,-3.4096854,-4.5153275,-1.2968689,6.7594233,-2.8448331,-1.8871083,-2.9916523,-4.526214,0.6309765,0.58078146,-1.8990054,3.5634916,4.208525,-0.9598212,-1.31852,-3.019479,4.3322825,-3.730379,1.0951428,-2.420298,-0.9607377
Sample_160,-1.7533944,1.9544166,-2.293023,-0.77065563,-6.393451,-2.3123107,2.0784087,-4.849682,-2.088686,-1.9997246,-4.3938737,1.6505826,1.9935337,1.64841,4.4340844,3.330874,-1.7357728,-1.9191806,-1.5543021,3.5405147,-2.4692228,-0.4666983,-1.8262699,-2.9500527
Sample_161,-0.31292117,3.2615135,-1.7878485,-1.5933025,-3.8466244,-2.1300354,6.0011234,-3.1286907,-4.9523797,-3.2658372,-3.484087,-0.32151777,1.2908331,0.032510832,3.5532417,2.8885608,-0.8677355,-1.1488312,-3.879439,3.6853228,-3.4667253,3.2686667,-0.8293053,-0.35705453
Sample_162,1.3024923,5.5380983,-2.9936728,-0.11446953,-5.3940973,-2.183993,-0.08094314,-2.5820842,-3.7052352,-2.2951293,-3.8052156,2.666499,-0.48018876,2.4961128,3.398456,5.603405,-2.07815,0.196827,-1.1414686,4.5915956,-5.4849434,1.73836,-2.7187483,-1.8035955
Sample_163,0.028764665,1.8662527,-0.870159,0.1609757,-3.668563,-3.1265748,1.7265495,-2.2843175,-0.19305754,-1.969052,-6.632689,-1.3983355,-1.546194,1.0039039,2.47469,3.3766427,-1.111742,-0.20185584,-5.6703057,4.3240347,-3.0921972,1.7972382,-1.4625727,-1.7184491
Sample_164,-0.9166435,-1.118967,0.045460463,0.15181315,-4.2325854,-1.4719687,-1.1227437,-4.1156874,-4.162859,-4.5520678,-3.6947584,1.1488895,-0.88920045,0.6448151,4.128192,5.1449604,-0.6528784,-0.44249257,1.0434681,-0.500803,-3.0792327,3.3708751,-2.2247298,-3.5007632
Sample_165,-1.139207,-0.00048437715,-0.8002224,-1.5052614,-4.68513,-0.833079,4.6697283,-2.8086982,-0.54704,-3.5645065,-2.4697738,-0.050431803,-0.69855535,1.933616,1.6645344,4.4709215,-1.7897277,-0.2714761,-0.38290268,3.8255718,-4.0488625,2.369006,-1.4171476,0.5438168
Sample_166,0.27882826,1.151461,-0.633922,-1.4632423,-4.1008925,-1.7693504,-0.29545987,-3.9540434,2.2768435,-4.8488073,-1.9451816,0.866285,-3.7282794,-1.1942856,4.751824,4.6402683,-1.2776052,-1.1801562,-2.040609,2.7053895,-2.9829829,-0.18643594,1.0263683,-1.4556637
Sample_167,-1.1640103,3.104149,-1.6807129,-0.494115,-4.470246,-2.785155,-0.78565294,-3.4133618,-4.426963,-1.4021611,-3.054036,-0.48561287,0.2178666,-1.0735075,4.4858227,5.0740385,-1.9484057,0.03345275,-0.9117934,1.8543495,-4.5402513,1.1823778,-0.5555963,-0.269929
Sample_168,0.261433,-1.5000416,-1.4906574,-0.7741357,-5.5783443,-2.5778532,-0.052618176,-3.6671338,-2.1820502,-5.4994035,-3.0301003,2.8148682,-1.902966,0.363656,2.5743685,6.143213,-1.5369043,-1.0244102,-2.7342834,4.603467,-3.6729207,3.6167464,-1.7360291,-0.7116666
Sample_169,-0.9285876,1.9375203,-0.080340505,-0.6739552,-5.149742,-4.213538,6.938663,-3.3949435,0.7908051,-3.3475723,-2.49481,3.7353947,-0.30845642,-3.8737943,3.5585806,5.082475,-2.9813268,0.026506543,-2.9157958,3.3031454,-3.4313176,0.6037612,-0.47771925,-1.4282408
Sample_170,-0.15075111,2.634717,-2.7242885,-0.7501664,-6.257856,-1.0091053,-2.7502067,-3.8358777,-1.4505183,-3.699173,-4.3095126,0.7734345,1.5058268,-1.3403289,0.34825444,4.629693,-3.1521478,-0.46905014,-4.2077346,4.221954,-1.2076516,3.2152288,-0.76502645,-0.10964596
Sample_171,-0.65495193,1.4833645,-0.8089166,-1.6648369,-2.5627563,-1.5750148,3.1905754,-2.9574485,-1.3811982,-2.4319468,-3.6438875,0.77116853,-1.7556866,-0.51564234,1.7225323,4.045861,-1.2672578,-0.4743488,-2.6864507,3.4487689,-4.0376606,-1.7146449,-0.6613882,-0.47969657
Sample_172,-0.87170625,3.79065,-3.2042828,-2.7964697,-3.1168113,-2.1900728,-2.1811075,-3.908147,-5.0628586,-2.230279,-1.8007098,-1.1727706,1.3088398,2.1294873,2.7086117,2.4386709,0.42171454,-0.37043267,-1.6175348,2.7215466,-2.1524673,4.3888445,-1.1986934,-0.08886194
Sample_173,-0.47389087,3.267991,-2.1264052,-1.2129102,-4.0529976,-1.269916,-0.9077237,-3.9180257,0.20302784,-3.1331656,-4.610042,-0.2177728,-0.183933,-1.367545,2.9493756,4.625807,-3.8084507,-0.07971868,-2.7114062,2.1006985,-3.5503132,1.7190961,0.001444757,-2.923585
Sample_174,-0.9968401,0.3818797,-0.82417375,-0.25858402,-2.8659122,-2.5262098,-1.8259683,-4.831237,0.15909815,-2.8473196,-2.9317963,1.1586496,-0.71407807,-3.7732613,1.9381801,4.999234,-2.1170065,-1.0787591,-2.826974,2.520066,-1.818587,2.3498828,-2.2381983,-1.6724179
Sample_175,-1.4744818,2.393439,-0.7187682,-0.9331337,-2.713427,-3.0973911,-1.2410626,-4.279715,-4.1148148,-5.5480633,-3.7419672,-1.3443953,-0.0756378,-0.3937896,2.0796478,3.6758215,-2.2589827,-1.9611344,0.2075932,5.355074,-4.8796964,-0.07095909,0.4676801,-0.8415549
Sample_176,-0.39724988,-3.4778583,-2.487381,0.16947007,-4.820071,-3.105042,5.0045714,-3.7146392,-2.1331477,-2.5891054,-2.8214521,0.13305435,-0.49365696,2.5240717,3.7252471,6.0998926,-2.294809,0.38189405,-2.2856946,2.5891728,-2.1496086,-0.07082057,-2.0672357,-2.1069536
Sample_177,-0.23139471,-3.0931032,-0.07888186,-1.530073,-2.6604571,-2.4074786,5.124642,-4.549279,1.5706975,-2.0358415,-6.675479,1.1534486,-0.62261707,0.74890137,3.0097158,2.637145,0.25365663,1.7786572,0.467152,4.1747007,-2.1250913,3.9627717,1.8301301,-1.2916698
Sample_178,-1.8381226,0.19860889,-1.7960205,-0.4237023,-4.084948,-3.089523,-2.092217,-2.9731383,-2.2810848,-4.123788,-3.5274003,-2.8993502,-3.3454237,2.6153262,2.2621567,4.545471,-2.8913102,-1.2022924,-0.8340041,3.2065134,-4.2608156,0.24106026,-1.7544411,-1.5173442
Sample_179,0.24402153,-1.432476,-1.6352553,-2.2678902,-4.0800896,-1.3313781,-2.8365595,-3.6028955,-1.323245,-2.7476742,-3.33745,1.5300899,-0.14795181,0.53879935,1.8547723,7.2903967,-0.8100879,-0.6645457,-2.57862,3.7216213,-4.4508557,1.7580822,-1.5722456,-1.5732102
Sample_180,-0.030879676,0.836917,-3.1012163,-3.7092197,-4.169319,-2.0193,-2.630975,-3.422065,-6.090652,-0.87899876,-1.4249003,-1.2036984,-2.1476839,-1.922859,4.146188,3.2379947,-1.7210338,-1.3735626,-1.677851,3.6954088,-2.5482645,2.2159863,0.44226694,-0.70703906
Sample_181,-1.659679,-0.16400206,-2.1110487,-1.37924,-3.449612,-3.227906,1.2723373,-4.598126,0.9820738,-5.687291,-5.8024592,-0.07215859,0.7763852,1.2796141,2.4774232,4.769848,-3.3670611,-0.7315076,-4.0099077,2.8256738,-3.2399065,1.4465178,-1.8212686,-2.3289502
Sample_182,-1.014586,0.6797156,-1.142344,-1.130842,-2.2501674,-1.8297853,-2.0950742,-4.3935885,-3.1785707,-2.418007,-3.991214,-4.3294415,-1.6760995,-0.33489844,2.4697165,7.58162,-3.0199842,0.1414513,-0.7780694,3.2592359,-2.654171,4.227397,-0.97448677,-1.0110484
Sample_183,-0.14227384,-2.8336484,-2.5981064,-2.3629127,-3.8835208,-1.4800179,-1.5981312,-2.4543824,-1.8505346,-0.9631283,-1.6148692,-3.815312,1.0800567,-0.9050541,3.2552152,4.5509872,-0.21051669,-0.19040191,-2.2843792,4.9905963,-4.540309,0.24782014,-1.0931276,0.016479969
Sample_184,0.28580356,1.7107313,-1.5266773,-2.0894706,-4.062254,-2.5547519,-2.767489,-3.5501158,-0.89792466,-3.325006,-4.683232,0.7396827,2.3692605,-0.688027,2.826747,4.108366,-4.959422,-0.159989,-3.7012122,3.5126617,-3.8250465,0.24865031,0.9070703,-1.0111898
Sample_185,-1.472178,3.048876,-3.746601,-2.0310001,-5.789398,-1.4583992,1.701014,-3.855329,1.4333985,-4.572026,-4.921838,3.6984808,-0.93378127,4.171986,3.2432883,4.253789,-2.0387342,-0.18878931,-1.4054555,2.3093605,-5.0574656,3.7628708,-1.6117082,-0.23366404
Sample_186,-0.74686664,0.71902424,-0.32697475,0.41719842,-4.344738,-1.3758228,-4.2298207,-3.5206647,-1.6067374,-3.5731208,-5.3768983,-1.1549709,0.20398703,0.5663267,3.8318706,4.0502515,-2.1597762,0.13509893,-0.050624967,4.2629857,-4.370564,-0.97370756,0.56046695,-0.20466697
Sample_187,-1.1494672,-4.649109,-1.8376225,-2.3301535,-5.175299,-2.9307094,3.5072308,-4.310702,-4.1450105,-3.4153273,-2.6079946,5.288365,-2.158983,1.8106393,3.3281794,4.1218944,-0.8615718,-0.49924845,-0.94870746,3.3059142,-4.21351,0.7488446,0.75137615,-2.352048
Sample_188,0.40071702,-0.77033925,-0.7371305,-2.4621139,-3.787161,-3.081619,-4.241304,-2.9343808,-0.3299328,-1.9542539,-3.058005,-0.47172225,-0.8206248,-0.46558878,2.7672634,1.8582335,-3.294475,-0.3406561,-1.0774043,2.5786967,-3.0556612,2.5494783,0.2640648,-1.1330379
Sample_189,0.5618719,0.16763961,-2.199101,-1.5861299,-2.5153656,-2.583127,0.43950006,-4.1347055,-1.3467565,-4.4412565,-4.021373,-0.4746886,-1.4253263,-4.5807576,2.178014,4.2906513,-3.8823311,-0.71897626,-0.9937065,3.261867,-4.5846066,2.1880093,-1.7358052,-1.8455979
Sample_190,-0.569517,-0.6454357,-1.4411529,-0.4775775,-5.1411214,-2.1873765,4.1088614,-4.551799,-5.168582,-2.458532,-3.5018477,2.1778347,-1.5136087,3.7731018,5.347603,3.4882295,-0.8580177,-0.76810575,-2.3820324,2.1374454,-1.6131517,1.424752,-1.1862687,-0.3488384
Sample_191,0.18206024,0.03281319,0.80886316,-2.3686686,-4.3895173,-2.1427674,-1.1342461,-3.0797286,-0.97548294,-2.9433036,-3.7281082,-2.7490735,-1.3321793,0.6858181,2.647917,5.1759834,-3.6637068,-2.948271,-1.9006544,1.179034,-2.9200451,0.47227418,-0.72991514,-0.92286694
Sample_192,-1.049948,2.1229365,-3.5781145,-2.6864724,-4.977066,-1.6947119,-2.8537853,-4.483275,-2.302618,-4.2873473,-4.953764,1.7955102,0.6793921,-1.9231099,4.796152,2.3369737,0.13982487,-2.4293985,-1.5043805,7.318848,-4.944845,3.0925813,-2.1499887,0.24189675
Sample_193,-0.84783155,0.67081785,-1.0034676,-1.4608004,-4.791319,-2.6073384,0.8215453,-4.71403,1.3350385,-4.374406,-1.6339954,2.0639665,2.1046586,2.6537704,-0.32059908,4.4354925,-1.9728571,-1.732512,-2.072309,3.6023011,-3.4442732,3.174662,-1.1722251,-1.8758636
Sample_194,-0.8712155,-0.6732966,-1.4057969,-1.8330469,-4.074218,-2.3094978,-0.26317367,-3.6936953,-5.0678015,-3.6066816,-5.7570753,2.100766,1.1522802,4.131382,3.3769178,6.562868,-3.8037534,-2.0987093,-2.0405161,5.3867784,-3.1486232,2.3440452,0.60623264,-2.5278401
Sample_195,-0.26385546,0.8235332,-1.9144573,-0.20796263,-3.7177434,-3.103109,-3.4146209,-3.354168,-4.0491915,-2.5001419,-5.1041145,-0.60651696,-1.5039446,-3.9953253,5.0650253,3.8385026,-1.6959169,-1.347476,-0.1020813,4.517712,-3.7104867,3.7518425,-1.2962759,0.5811869
Sample_196,-1.4954593,2.8698232,0.7022277,-1.5565249,-4.0582957,-2.1254747,-2.88653,-3.6252475,-3.3188648,-4.306781,-5.559858,1.7741838,0.14490777,-2.3474455,4.215295,5.3207703,0.077486515,-0.13919583,-0.15946162,2.345035,-4.1768627,-1.5247033,-0.9748276,-0.64524853
Sample_197,-0.51478374,-0.8251109,-1.2119466,-2.520686,-5.70807,-1.3342793,0.04399866,-3.7792277,-1.2011732,-3.1217365,-1.681006,5.074291,-1.063922,-2.7319348,2.4323092,1.8498211,-1.3725061,-0.9439531,-1.7841736,4.9238787,-3.9176607,3.9517994,0.4987539,-1.4796073
Sample_198,-1.1268663,2.3228536,-1.4749404,-1.9106047,-4.53744,-2.3285298,2.907525,-4.212005,-3.4468184,-3.1682758,-5.2009907,1.7647237,-2.604243,1.0428469,4.955843,3.834235,-4.0245495,-1.3283147,-0.43604738,7.572764,-4.053565,1.9010869,-1.2294059,-0.1338098
Sample_199,-0.7601713,1.1732986,-1.4503473,0.25372207,-6.5133038,-1.4446366,2.4442062,-3.324447,-3.0698757,-2.5272622,-4.8387036,3.2029204,0.51811916,0.8493237,1.0053349,3.9566834,0.78774,-0.026904345,-1.2559766,3.7062564,-1.3875787,4.4829135,-1.7902639,-0.29054922
Sample_200,0.7849291,5.3711085,0.6048806,0.5845498,-3.6213336,-2.2106664,-0.9656987,-3.3326414,-5.1213164,-3.5295987,-0.50359416,-1.3409789,-0.24781902,-0.46926838,4.0616164,3.3777525,-2.8681912,-0.32162791,-0.7607043,3.5309093,-2.342204,2.5202308,0.65293914,0.43276918
